date,E,I,M,S,inc,R,cases,ran_cases,index
1944-01-07,0,1.53018e-11,2.04844,0.000284316,0.225383,2.46477e+06,0.112691,0,0
1944-01-14,0,9.18957e-12,2.04931,0.000284608,1.40533e-22,2.46743e+06,7.02666e-23,3.80523e-12,0
1944-01-21,2.70072e-18,0,2.05017,0.000284979,0,2.47009e+06,0,0,0
1944-01-28,0,8.07012e-18,2.05104,0.000284803,2.06055e-20,2.47274e+06,1.03028e-20,0,0
1944-02-04,1.06921e-25,0,2.0519,0.00028502,0,2.4754e+06,0,0,0
1944-02-11,0,1.94414e-23,2.05276,0.000284632,3.18539e-26,2.47805e+06,1.59269e-26,5.80813e-14,0
1944-02-18,5.50242e-32,0,2.05363,0.000285268,0,2.48071e+06,0,0,0
1944-02-25,0,1.49756e-29,2.05448,0.000285065,2.44824e-32,2.48337e+06,1.22412e-32,0,0
1944-03-03,0,9.15557e-30,2.05535,0.000285546,7.43436e-41,2.48602e+06,3.71718e-41,3.36546e-21,0
1944-03-10,2.21367e-38,0,2.05622,0.00028556,0,2.48868e+06,0,0,0
1944-03-17,0,7.02931e-37,2.05708,0.000285846,1.20275e-39,2.49133e+06,6.01375e-40,3.41199e-20,0
1944-03-24,7.45017e-46,0,2.05794,0.000285814,0,2.49399e+06,0,0,0
1944-03-31,0,8.73375e-44,2.05881,0.000286137,1.4374e-46,2.49665e+06,7.18698e-47,1.562e-23,0
1944-04-07,2.26106e-52,0,2.05967,0.000286032,0,2.4993e+06,0,0,0
1944-04-14,0,5.7655e-51,2.06053,0.000286296,9.99873e-54,2.50196e+06,4.99936e-54,0,0
1944-04-21,9.7965e-59,0,2.0614,0.000286188,0,2.50461e+06,0,0,0
1944-04-28,0,6.63818e-58,2.06226,0.000286525,1.35025e-60,2.50727e+06,6.75127e-61,0,0
1944-05-05,1.27965e-65,0,2.06313,0.000286428,0,2.50993e+06,0,0,0
1944-05-12,0,1.1179e-64,2.06399,0.00028679,2.16966e-67,2.51258e+06,1.08483e-67,0,0
1944-05-19,2.21532e-72,0,2.06485,0.000286637,0,2.51524e+06,0,0,0
1944-05-26,0,5.72387e-72,2.06572,0.000286951,1.54356e-74,2.51789e+06,7.71779e-75,0,0
1944-06-02,7.30846e-79,0,2.06658,0.000286679,0,2.52055e+06,0,0,0
1944-06-09,7.53005e-80,0,2.06744,0.000287138,1.81592e-81,2.52321e+06,9.07958e-82,2.88734e-41,0
1944-06-16,3.61452e-78,0,2.06831,0.000287199,0,2.52586e+06,0,0,0
1944-06-23,0,4.47582e-77,2.06917,0.000287482,8.28642e-80,2.52852e+06,4.14321e-80,3.63473e-41,0
1944-06-30,2.16e-85,0,2.07003,0.000287477,0,2.53117e+06,0,0,0
1944-07-07,0,1.52789e-83,2.0709,0.000287855,2.53593e-86,2.53383e+06,1.26797e-86,0,0
1944-07-14,1.18461e-92,0,2.07176,0.000287733,0,2.53649e+06,0,0,0
1944-07-21,0,1.33962e-90,2.07263,0.000288011,2.20625e-93,2.53914e+06,1.10312e-93,0,0
1944-07-28,8.51239e-99,0,2.07349,0.00028793,0,2.5418e+06,0,0,0
1944-08-04,0,3.45131e-98,2.07435,0.00028813,7.97808e-101,2.54445e+06,3.98904e-101,6.50685e-51,0
1944-08-11,7.89889e-105,0,2.07522,0.000287885,0,2.54711e+06,0,0,0
1944-08-18,2.5722e-106,0,2.07608,0.000288343,2.11681e-107,2.54977e+06,1.0584e-107,3.47245e-54,0
1944-08-25,2.32434e-103,0,2.07694,0.00028818,0,2.55242e+06,0,0,0
1944-09-01,0,4.31583e-103,2.07781,0.000288646,1.34823e-105,2.55508e+06,6.74116e-106,0,0
1944-09-08,1.38999e-110,0,2.07867,0.00028859,0,2.55773e+06,0,0,0
1944-09-15,0,5.02653e-110,2.07953,0.000288872,1.20316e-112,2.56039e+06,6.01579e-113,6.08936e-59,0
1944-09-22,1.90772e-117,0,2.0804,0.000288839,0,2.56305e+06,0,0,0
1944-09-29,0,1.28378e-116,2.08126,0.000289146,2.61129e-119,2.5657e+06,1.30565e-119,0,0
1944-10-06,7.64567e-125,0,2.08212,0.000289155,0,2.56836e+06,0,0,0
1944-10-13,0,5.35181e-123,2.08299,0.000289532,8.88494e-126,2.57101e+06,4.44247e-126,1.95538e-63,0
1944-10-20,4.04621e-131,0,2.08385,0.000289324,0,2.57367e+06,0,0,0
1944-10-27,0,4.60688e-130,2.08472,0.000289675,8.60744e-133,2.57633e+06,4.30372e-133,0,0
1944-11-03,7.22949e-138,0,2.08558,0.000289545,0,2.57898e+06,0,0,0
1944-11-10,0,8.78306e-137,2.08644,0.000289951,1.62589e-139,2.58164e+06,8.12944e-140,2.69326e-70,0
1944-11-17,4.05138e-145,0,2.08731,0.000289859,0,2.58429e+06,0,0,0
1944-11-24,0,4.55618e-144,2.08817,0.000290081,8.52186e-147,2.58695e+06,4.26093e-147,2.36551e-75,0
1944-12-01,8.77083e-152,0,2.08903,0.000290079,0,2.58961e+06,0,0,0
1944-12-08,0,1.27456e-150,2.0899,0.000290372,2.30927e-153,2.59226e+06,1.15463e-153,0,0
1944-12-15,3.24303e-158,0,2.09076,0.000290225,0,2.59492e+06,0,0,0
1944-12-22,0,1.03963e-157,2.09162,0.000290562,2.58607e-160,2.59757e+06,1.29303e-160,5.10407e-81,0
1944-12-29,1.37979e-165,0,2.09249,0.000290578,0,2.60023e+06,0,0,0
1945-01-05,0,2.6009e-164,2.10292,0.000292155,4.6115e-167,2.60693e+06,2.30575e-167,0,0
1945-01-12,8.97465e-172,0,2.12059,0.000294379,0,2.61667e+06,0,0,0
1945-01-19,0,6.01045e-171,2.13826,0.00029706,1.2258e-173,2.62641e+06,6.12899e-174,0,0
1945-01-26,1.26511e-178,0,2.15593,0.000299354,0,2.63615e+06,0,0,0
1945-02-02,0,1.38322e-177,2.1736,0.000301948,2.60299e-180,2.64589e+06,1.3015e-180,6.66236e-91,0
1945-02-09,2.78956e-184,0,2.19127,0.000303943,0,2.65563e+06,0,0,0
1945-02-16,0,1.38118e-183,2.20895,0.000306848,3.02112e-186,2.66537e+06,1.51056e-186,5.04794e-94,0
1945-02-23,2.36293e-191,0,2.22662,0.000309344,0,2.67511e+06,0,0,0
1945-03-02,1.09578e-191,0,2.24429,0.000311722,3.5101e-194,2.68485e+06,1.75505e-194,0,0
1945-03-09,0,1.05793e-189,2.26197,0.0003138,1.7487e-192,2.69459e+06,8.74351e-193,9.49677e-97,0
1945-03-16,0,2.14141e-190,2.27964,0.000316592,3.5061e-201,2.70433e+06,1.75305e-201,0,0
1945-03-23,4.58032e-197,0,2.29731,0.000319318,0,2.71407e+06,0,0,0
1945-03-30,4.16063e-197,0,2.31498,0.000321571,1.16259e-200,2.72381e+06,5.81293e-201,5.32535e-101,0
1945-04-06,0,1.00462e-195,2.33265,0.000323811,1.74701e-198,2.73355e+06,8.73503e-199,0,0
1945-04-13,1.10101e-204,0,2.35032,0.00032644,0,2.74329e+06,0,0,0
1945-04-20,0,1.04343e-202,2.368,0.000328747,1.72096e-205,2.75303e+06,8.6048e-206,2.82086e-103,0
1945-04-27,9.16642e-211,0,2.38567,0.000331406,0,2.76277e+06,0,0,0
1945-05-04,0,9.01558e-210,2.40334,0.000333708,1.71767e-212,2.77251e+06,8.58833e-213,7.95736e-107,0
1945-05-11,3.39376e-217,0,2.42101,0.000336422,0,2.78225e+06,0,0,0
1945-05-18,0,4.75739e-217,2.43868,0.00033867,1.72213e-219,2.79199e+06,8.61065e-220,4.35751e-110,0
1945-05-25,2.28142e-224,0,2.45636,0.000341236,0,2.80173e+06,0,0,0
1945-06-01,0,2.46877e-223,2.47403,0.000343504,4.64774e-226,2.81147e+06,2.32387e-226,0,0
1945-06-08,3.86818e-231,0,2.4917,0.000346153,0,2.82121e+06,0,0,0
1945-06-15,0,4.56342e-230,2.50937,0.000348393,8.48235e-233,2.83095e+06,4.24118e-233,5.50699e-118,0
1945-06-22,2.12181e-238,0,2.52704,0.000351004,0,2.84069e+06,0,0,0
1945-06-29,0,2.20082e-236,2.54472,0.00035304,3.62834e-239,2.85043e+06,1.81417e-239,0,0
1945-07-06,0,1.06974e-236,2.56239,0.000355845,1.45009e-247,2.86017e+06,7.25043e-248,1.87086e-124,0
1945-07-13,3.85031e-243,0,2.58006,0.000359019,0,2.86991e+06,0,0,0
1945-07-20,4.18795e-243,0,2.59773,0.000360936,0,2.87965e+06,0,0,0
1945-07-27,0,1.18598e-242,2.61541,0.000363196,3.09034e-245,2.88939e+06,1.54517e-245,3.46525e-124,0
1945-08-03,2.04665e-250,0,2.63308,0.000365743,0,2.89913e+06,0,0,0
1945-08-10,0,1.51008e-248,2.65075,0.00036778,2.50717e-251,2.90887e+06,1.25358e-251,0,0
1945-08-17,0,4.5104e-249,2.66842,0.000370587,7.11545e-260,2.91861e+06,3.55773e-260,0,0
1945-08-24,1.347e-255,0,2.68609,0.000373384,0,2.92835e+06,0,0,0
1945-08-31,2.30625e-256,0,2.70377,0.000375527,3.09245e-258,2.93809e+06,1.54622e-258,0,0
1945-09-07,0,2.12465e-255,2.72144,0.000377962,3.95475e-258,2.94783e+06,1.97737e-258,0,0
1945-09-14,8.10883e-263,0,2.73911,0.000380443,0,2.95757e+06,0,0,0
1945-09-21,0,1.31382e-260,2.75678,0.000382561,2.15503e-263,2.96731e+06,1.07752e-263,3.0449e-132,0
1945-09-28,3.25961e-270,0,2.77445,0.00038534,1.2533e-272,2.97705e+06,6.26649e-273,3.96054e-137,0
1945-10-05,1.95111e-268,0,2.79213,0.00038785,0,2.98679e+06,0,0,0
1945-10-12,0,1.18572e-267,2.8098,0.000390201,2.46542e-270,2.99653e+06,1.23271e-270,2.76305e-136,0
1945-10-19,1.04142e-274,0,2.82747,0.000392883,0,3.00627e+06,0,0,0
1945-10-26,7.56085e-275,0,2.84514,0.000395179,7.90406e-278,3.01601e+06,3.95203e-278,0,0
1945-11-02,0,1.24105e-272,2.86281,0.000397117,2.03366e-275,3.02575e+06,1.01683e-275,1.23184e-138,0
1945-11-09,0,5.54877e-273,2.88049,0.00040002,7.68091e-284,3.03549e+06,3.84045e-284,1.14073e-142,0
1945-11-16,9.95634e-280,0,2.89816,0.000402883,0,3.04523e+06,0,0,0
1945-11-23,1.70206e-280,0,2.91583,0.000404982,2.2865e-282,3.05497e+06,1.14325e-282,7.15471e-142,0
1945-11-30,0,5.14592e-279,2.9335,0.000407385,8.75763e-282,3.06471e+06,4.37882e-282,0,0
1945-12-07,5.31044e-286,0,2.95117,0.000410078,0,3.07445e+06,0,0,0
1945-12-14,6.56931e-286,0,2.96885,0.000412381,0,3.08419e+06,0,0,0
1945-12-21,0,1.3084e-284,2.98652,0.000414679,2.3022e-287,3.09393e+06,1.1511e-287,0,0
1945-12-28,1.71002e-292,0,3.00419,0.000417311,0,3.10367e+06,0,0,0
1946-01-04,0,1.06763e-290,3.01606,0.000418702,1.7799e-293,3.11035e+06,8.89949e-294,0,0
1946-01-11,5.11862e-300,0,3.02015,0.000419452,0,3.11296e+06,0,0,0
1946-01-18,0,3.40606e-298,3.02423,0.000420244,5.65552e-301,3.11556e+06,2.82776e-301,2.44234e-152,0
1946-01-25,4.13774e-307,0,3.02832,0.000420578,0,3.11816e+06,0,0,0
1946-02-01,0,3.17782e-305,3.0324,0.000421399,5.27488e-308,3.12077e+06,2.63744e-308,1.7824e-155,0
1946-02-08,1.66178e-313,0,3.03648,0.00042166,0,3.12337e+06,0,0,0
1946-02-15,0,1.97748e-312,3.04056,0.000422414,3.67717e-315,3.12597e+06,1.83859e-315,0,0
1946-02-22,9.86649e-321,0,3.04464,0.000422834,0,3.12858e+06,0,0,0
1946-03-01,0,9.50187e-319,3.04873,0.00042382,1.56619e-321,3.13118e+06,7.80624e-322,0,0
1946-03-08,0,2.35931e-319,3.05281,0.000424019,0,3.13379e+06,0,0,0
1946-03-15,0,0,3.05689,0.000424335,0,3.13639e+06,0,0,0
1946-03-22,0,0,3.06097,0.000425133,0,3.13899e+06,0,0,0
1946-03-29,0,0,3.06505,0.000425645,0,3.1416e+06,0,0,0
1946-04-05,0,0,3.06914,0.000426534,0,3.1442e+06,0,0,0
1946-04-12,0,0,3.07322,0.000426822,0,3.1468e+06,0,0,0
1946-04-19,0,0,3.0773,0.000427454,0,3.14941e+06,0,0,0
1946-04-26,0,0,3.08138,0.000427886,0,3.15201e+06,0,0,0
1946-05-03,0,0,3.08546,0.000428735,0,3.15461e+06,0,0,0
1946-05-10,0,0,3.08955,0.000429114,0,3.15722e+06,0,0,0
1946-05-17,0,0,3.09363,0.000429659,0,3.15982e+06,0,0,0
1946-05-24,0,0,3.09771,0.000430201,0,3.16243e+06,0,0,0
1946-05-31,0,0,3.10179,0.000431173,0,3.16503e+06,0,0,0
1946-06-07,0,0,3.10587,0.000431433,0,3.16763e+06,0,0,0
1946-06-14,0,0,3.10996,0.000431912,0,3.17024e+06,0,0,0
1946-06-21,0,0,3.11404,0.00043268,0,3.17284e+06,0,0,0
1946-06-28,0,0,3.11812,0.000433019,0,3.17544e+06,0,0,0
1946-07-05,0,0,3.1222,0.000434055,0,3.17805e+06,0,0,0
1946-07-12,0,0,3.12628,0.000434294,0,3.18065e+06,0,0,0
1946-07-19,0,0,3.13037,0.000434684,0,3.18325e+06,0,0,0
1946-07-26,0,0,3.13445,0.000435368,0,3.18586e+06,0,0,0
1946-08-02,0,0,3.13853,0.000435823,0,3.18846e+06,0,0,0
1946-08-09,0,0,3.14261,0.000436571,0,3.19106e+06,0,0,0
1946-08-16,0,0,3.14669,0.000437,0,3.19367e+06,0,0,0
1946-08-23,0,0,3.15078,0.000437681,0,3.19627e+06,0,0,0
1946-08-30,0,0,3.15486,0.000438063,0,3.19888e+06,0,0,0
1946-09-06,0,0,3.15894,0.000438808,0,3.20148e+06,0,0,0
1946-09-13,0,0,3.16302,0.000439257,0,3.20408e+06,0,0,0
1946-09-20,0,0,3.1671,0.000440184,0,3.20669e+06,0,0,0
1946-09-27,0,0,3.17119,0.000440461,0,3.20929e+06,0,0,0
1946-10-04,0,0,3.17527,0.000440707,0,3.21189e+06,0,0,0
1946-10-11,0,0,3.17935,0.000441617,0,3.2145e+06,0,0,0
1946-10-18,0,0,3.18343,0.000441682,0,3.2171e+06,0,0,0
1946-10-25,0,0,3.18751,0.000442629,0,3.2197e+06,0,0,0
1946-11-01,0,0,3.1916,0.000443353,0,3.22231e+06,0,0,0
1946-11-08,0,0,3.19568,0.000443731,0,3.22491e+06,0,0,0
1946-11-15,0,0,3.19976,0.00044442,0,3.22752e+06,0,0,0
1946-11-22,0,0,3.20384,0.000444907,0,3.23012e+06,0,0,0
1946-11-29,0,0,3.20792,0.000445897,0,3.23272e+06,0,0,0
1946-12-06,0,0,3.21201,0.00044612,0,3.23533e+06,0,0,0
1946-12-13,0,0,3.21609,0.000446734,0,3.23793e+06,0,0,0
1946-12-20,0,0,3.22017,0.00044716,0,3.24053e+06,0,0,0
1946-12-27,0,0,3.22425,0.000448069,0,3.24314e+06,0,0,0
1947-01-03,0,0,3.22472,0.000447958,0,3.24551e+06,0,0,0
1947-01-10,0,0,3.21608,0.000446655,0,3.24732e+06,0,0,0
1947-01-17,0,0,3.20742,0.000445599,0,3.24912e+06,0,0,0
1947-01-24,0,0,3.19877,0.000444231,0,3.25093e+06,0,0,0
1947-01-31,0,0,3.19012,0.000443603,0,3.25273e+06,0,0,0
1947-02-07,0,0,3.18147,0.000441967,0,3.25454e+06,0,0,0
1947-02-14,0,0,3.17282,0.000440617,0,3.25634e+06,0,0,0
1947-02-21,0,0,3.16417,0.000439511,0,3.25815e+06,0,0,0
1947-02-28,0,0,3.15552,0.000437896,0,3.25995e+06,0,0,0
1947-03-07,0,0,3.14687,0.000437037,0,3.26175e+06,0,0,0
1947-03-14,0,0,3.13822,0.000436531,0,3.26356e+06,0,0,0
1947-03-21,0,0,3.12957,0.000434816,0,3.26536e+06,0,0,0
1947-03-28,0,0,3.12092,0.000433425,0,3.26717e+06,0,0,0
1947-04-04,0,0,3.11227,0.000432506,0,3.26897e+06,0,0,0
1947-04-11,0,0,3.10361,0.000431027,0,3.27078e+06,0,0,0
1947-04-18,0,0,3.09496,0.000429911,0,3.27258e+06,0,0,0
1947-04-25,0,0,3.08631,0.000428604,0,3.27439e+06,0,0,0
1947-05-02,0,0,3.07766,0.000427507,0,3.27619e+06,0,0,0
1947-05-09,0,0,3.06901,0.000426151,0,3.278e+06,0,0,0
1947-05-16,0,0,3.06036,0.000425127,0,3.2798e+06,0,0,0
1947-05-23,0,0,3.05171,0.000423733,0,3.28161e+06,0,0,0
1947-05-30,0,0,3.04306,0.000422843,0,3.28341e+06,0,0,0
1947-06-06,0,0,3.03441,0.00042148,0,3.28522e+06,0,0,0
1947-06-13,0,0,3.02576,0.000419937,0,3.28702e+06,0,0,0
1947-06-20,0,0,3.01711,0.000419084,0,3.28882e+06,0,0,0
1947-06-27,0,0,3.00846,0.000417753,0,3.29063e+06,0,0,0
1947-07-04,0,0,2.9998,0.000416712,0,3.29243e+06,0,0,0
1947-07-11,0,0,2.99115,0.000415206,0,3.29424e+06,0,0,0
1947-07-18,0,0,2.9825,0.000414347,0,3.29604e+06,0,0,0
1947-07-25,0,0,2.97385,0.000412863,0,3.29785e+06,0,0,0
1947-08-01,0,0,2.9652,0.000412011,0,3.29965e+06,0,0,0
1947-08-08,0,0,2.95655,0.000410539,0,3.30146e+06,0,0,0
1947-08-15,0,0,2.9479,0.000409485,0,3.30326e+06,0,0,0
1947-08-22,0,0,2.93925,0.000407867,0,3.30507e+06,0,0,0
1947-08-29,0,0,2.9306,0.000407107,0,3.30687e+06,0,0,0
1947-09-05,0,0,2.92195,0.000405691,0,3.30868e+06,0,0,0
1947-09-12,0,0,2.9133,0.000404686,0,3.31048e+06,0,0,0
1947-09-19,0,0,2.90465,0.000402953,0,3.31229e+06,0,0,0
1947-09-26,0,0,2.89599,0.000402157,0,3.31409e+06,0,0,0
1947-10-03,0,0,2.88734,0.000401048,0,3.31589e+06,0,0,0
1947-10-10,0,0,2.87869,0.000399624,0,3.3177e+06,0,0,0
1947-10-17,0,0,2.87004,0.0003986,0,3.3195e+06,0,0,0
1947-10-24,0,0,2.86139,0.000397665,0,3.32131e+06,0,0,0
1947-10-31,0,0,2.85274,0.000396129,0,3.32311e+06,0,0,0
1947-11-07,0,0,2.84409,0.000395126,0,3.32492e+06,0,0,0
1947-11-14,0,0,2.83544,0.000393793,0,3.32672e+06,0,0,0
1947-11-21,0,0,2.82679,0.000392714,0,3.32853e+06,0,0,0
1947-11-28,0,0,2.81814,0.000391332,0,3.33033e+06,0,0,0
1947-12-05,0,0,2.80949,0.000390302,0,3.33214e+06,0,0,0
1947-12-12,0,0,2.80084,0.000388852,0,3.33394e+06,0,0,0
1947-12-19,0,0,2.79218,0.000387871,0,3.33575e+06,0,0,0
1947-12-26,0,0,2.78353,0.0003865,0,3.33755e+06,0,0,0
1948-01-02,0,0,2.77557,0.000385587,0,3.3392e+06,0,0,0
1948-01-09,0,0,2.77186,0.000384908,0,3.33989e+06,0,0,0
1948-01-16,0,0,2.76814,0.000384533,0,3.34059e+06,0,0,0
1948-01-23,0,0,2.76442,0.000383775,0,3.34128e+06,0,0,0
1948-01-30,0,0,2.7607,0.000383525,0,3.34198e+06,0,0,0
1948-02-06,0,0,2.75699,0.000382814,0,3.34267e+06,0,0,0
1948-02-13,0,0,2.75327,0.000382415,0,3.34337e+06,0,0,0
1948-02-20,0,0,2.74955,0.000381601,0,3.34407e+06,0,0,0
1948-02-27,0,0,2.74583,0.000381283,0,3.34476e+06,0,0,0
1948-03-05,0,0,2.74211,0.000380931,0,3.34546e+06,0,0,0
1948-03-12,0,0,2.7384,0.000380185,0,3.34615e+06,0,0,0
1948-03-19,0,0,2.73468,0.000379838,0,3.34685e+06,0,0,0
1948-03-26,0,0,2.73096,0.000379077,0,3.34754e+06,0,0,0
1948-04-02,0,0,2.72724,0.000378796,0,3.34824e+06,0,0,0
1948-04-09,0,0,2.72352,0.000378074,0,3.34894e+06,0,0,0
1948-04-16,0,0,2.71981,0.000377715,0,3.34963e+06,0,0,0
1948-04-23,0,0,2.71609,0.000377298,0,3.35033e+06,0,0,0
1948-04-30,0,0,2.71237,0.000376669,0,3.35102e+06,0,0,0
1948-05-07,0,0,2.70865,0.000376279,0,3.35172e+06,0,0,0
1948-05-14,0,0,2.70493,0.000375522,0,3.35241e+06,0,0,0
1948-05-21,0,0,2.70121,0.000375171,0,3.35311e+06,0,0,0
1948-05-28,0,0,2.6975,0.000374677,0,3.3538e+06,0,0,0
1948-06-04,0,0,2.69378,0.000373981,0,3.3545e+06,0,0,0
1948-06-11,0,0,2.69006,0.000373733,0,3.3552e+06,0,0,0
1948-06-18,0,0,2.68634,0.000372969,0,3.35589e+06,0,0,0
1948-06-25,0,0,2.68262,0.000372589,0,3.35659e+06,0,0,0
1948-07-02,0,0,2.67891,0.000372077,0,3.35728e+06,0,0,0
1948-07-09,0,0,2.67519,0.000371545,0,3.35798e+06,0,0,0
1948-07-16,0,0,2.67147,0.000371121,0,3.35867e+06,0,0,0
1948-07-23,0,0,2.66775,0.000370477,0,3.35937e+06,0,0,0
1948-07-30,0,0,2.66403,0.000370088,0,3.36006e+06,0,0,0
1948-08-06,0,0,2.66032,0.00036943,0,3.36076e+06,0,0,0
1948-08-13,0,0,2.6566,0.000369237,0,3.36146e+06,0,0,0
1948-08-20,0,0,2.65288,0.000368381,0,3.36215e+06,0,0,0
1948-08-27,0,0,2.64916,0.000368211,0,3.36285e+06,0,0,0
1948-09-03,0,0,2.64544,0.000367374,0,3.36354e+06,0,0,0
1948-09-10,0,0,2.64172,0.000367394,0,3.36424e+06,0,0,0
1948-09-17,0,0,2.63801,0.000366422,0,3.36493e+06,0,0,0
1948-09-24,0,0,2.63429,0.000365325,0,3.36563e+06,0,0,0
1948-10-01,0,0,2.63057,0.000365306,0,3.36633e+06,0,0,0
1948-10-08,0,0,2.62685,0.000364905,0,3.36702e+06,0,0,0
1948-10-15,0,0,2.62314,0.000364284,0,3.36772e+06,0,0,0
1948-10-22,0,0,2.61942,0.00036386,0,3.36841e+06,0,0,0
1948-10-29,0,0,2.6157,0.000363223,0,3.36911e+06,0,0,0
1948-11-05,0,0,2.61198,0.000362866,0,3.3698e+06,0,0,0
1948-11-12,0,0,2.60826,0.000362236,0,3.3705e+06,0,0,0
1948-11-19,0,0,2.60454,0.000362084,0,3.37119e+06,0,0,0
1948-11-26,0,0,2.60083,0.000361246,0,3.37189e+06,0,0,0
1948-12-03,0,0,2.59711,0.000360351,0,3.37259e+06,0,0,0
1948-12-10,0,0,2.59339,0.000360142,0,3.37328e+06,0,0,0
1948-12-17,0,0,2.58967,0.000359732,0,3.37398e+06,0,0,0
1948-12-24,0,0,2.58595,0.000359075,0,3.37467e+06,0,0,0
1948-12-31,0,0,2.58224,0.000358787,0,3.37537e+06,0,0,0
1949-01-07,0,0,2.57953,0.000358064,0,3.3757e+06,0,0,0
1949-01-14,0,0,2.57701,0.000357912,0,3.37597e+06,0,0,0
1949-01-21,0,0,2.57448,0.000357757,0,3.37624e+06,0,0,0
1949-01-28,0,0,2.57195,0.000357191,0,3.37651e+06,0,0,0
1949-02-04,0,0,2.56942,0.000357095,0,3.37679e+06,0,0,0
1949-02-11,0,0,2.5669,0.000356545,0,3.37706e+06,0,0,0
1949-02-18,0,0,2.56437,0.000355732,0,3.37733e+06,0,0,0
1949-02-25,0,0,2.56184,0.000355726,0,3.3776e+06,0,0,0
1949-03-04,0,0,2.55931,0.0003555,0,3.37787e+06,0,0,0
1949-03-11,0,0,2.55679,0.000354983,0,3.37814e+06,0,0,0
1949-03-18,0,0,2.55426,0.000354877,0,3.37841e+06,0,0,0
1949-03-25,0,0,2.55173,0.00035421,0,3.37869e+06,0,0,0
1949-04-01,0,0,2.5492,0.000354044,0,3.37896e+06,0,0,0
1949-04-08,0,0,2.54667,0.000353881,0,3.37923e+06,0,0,0
1949-04-15,0,0,2.54415,0.000353222,0,3.3795e+06,0,0,0
1949-04-22,0,0,2.54162,0.00035312,0,3.37977e+06,0,0,0
1949-04-29,0,0,2.53909,0.000352502,0,3.38004e+06,0,0,0
1949-05-06,0,0,2.53656,0.000352379,0,3.38031e+06,0,0,0
1949-05-13,0,0,2.53403,0.000351803,0,3.38058e+06,0,0,0
1949-05-20,0,0,2.53151,0.00035164,0,3.38086e+06,0,0,0
1949-05-27,0,0,2.52898,0.000350714,0,3.38113e+06,0,0,0
1949-06-03,0,0,2.52645,0.000350813,0,3.3814e+06,0,0,0
1949-06-10,0,0,2.52392,0.000350569,0,3.38167e+06,0,0,0
1949-06-17,0,0,2.5214,0.000349852,0,3.38194e+06,0,0,0
1949-06-24,0,0,2.51887,0.000349854,0,3.38221e+06,0,0,0
1949-07-01,0,0,2.51634,0.000349427,0,3.38248e+06,0,0,0
1949-07-08,0,0,2.51381,0.000349168,0,3.38276e+06,0,0,0
1949-07-15,0,0,2.51128,0.000348658,0,3.38303e+06,0,0,0
1949-07-22,0,0,2.50876,0.000348503,0,3.3833e+06,0,0,0
1949-07-29,0,0,2.50623,0.000348061,0,3.38357e+06,0,0,0
1949-08-05,0,0,2.5037,0.000347822,0,3.38384e+06,0,0,0
1949-08-12,0,0,2.50117,0.000347339,0,3.38411e+06,0,0,0
1949-08-19,0,0,2.49864,0.000347228,0,3.38438e+06,0,0,0
1949-08-26,0,0,2.49612,0.000346694,0,3.38466e+06,0,0,0
1949-09-02,0,0,2.49359,0.000346285,0,3.38493e+06,0,0,0
1949-09-09,0,0,2.49106,0.000346315,0,3.3852e+06,0,0,0
1949-09-16,0,0,2.48853,0.000345644,0,3.38547e+06,0,0,0
1949-09-23,0,0,2.48601,0.000345268,0,3.38574e+06,0,0,0
1949-09-30,0,0,2.48348,0.000344953,0,3.38601e+06,0,0,0
1949-10-07,0,0,2.48095,0.000344391,0,3.38628e+06,0,0,0
1949-10-14,0,0,2.47842,0.000344266,0,3.38655e+06,0,0,0
1949-10-21,0,0,2.47589,0.000343758,0,3.38683e+06,0,0,0
1949-10-28,0,0,2.47337,0.000343588,0,3.3871e+06,0,0,0
1949-11-04,0,0,2.47084,0.000343082,0,3.38737e+06,0,0,0
1949-11-11,0,0,2.46831,0.000342989,0,3.38764e+06,0,0,0
1949-11-18,0,0,2.46578,0.000342496,0,3.38791e+06,0,0,0
1949-11-25,0,0,2.46326,0.000341697,0,3.38818e+06,0,0,0
1949-12-02,0,0,2.46073,0.000341728,0,3.38845e+06,0,0,0
1949-12-09,0,0,2.4582,0.00034161,0,3.38873e+06,0,0,0
1949-12-16,0,0,2.45567,0.000341054,0,3.389e+06,0,0,0
1949-12-23,0,0,2.45314,0.00034093,0,3.38927e+06,0,0,0
1949-12-30,0,0,2.45062,0.000340367,0,3.38954e+06,0,0,0
1950-01-06,0,0,2.44909,0.000340378,0,3.38918e+06,0,0,0
1950-01-13,0,0,2.44798,0.000340028,0,3.38858e+06,0,0,0
1950-01-20,0,0,2.44687,0.000339413,0,3.38797e+06,0,0,0
1950-01-27,0,0,2.44575,0.000339645,0,3.38737e+06,0,0,0
1950-02-03,0,0,2.44464,0.000339606,0,3.38676e+06,0,0,0
1950-02-10,0,0,2.44352,0.000339063,0,3.38615e+06,0,0,0
1950-02-17,0,0,2.44241,0.000339219,0,3.38555e+06,0,0,0
1950-02-24,0,0,2.44129,0.000338933,0,3.38494e+06,0,0,0
1950-03-03,0,0,2.44018,0.000338951,0,3.38433e+06,0,0,0
1950-03-10,0,0,2.43906,0.000338384,0,3.38373e+06,0,0,0
1950-03-17,0,0,2.43795,0.000338587,0,3.38312e+06,0,0,0
1950-03-24,0,0,2.43683,0.000338645,0,3.38251e+06,0,0,0
1950-03-31,0,0,2.43572,0.000338284,0,3.38191e+06,0,0,0
1950-04-07,0,0,2.4346,0.000338241,0,3.3813e+06,0,0,0
1950-04-14,0,0,2.43349,0.000337895,0,3.38069e+06,0,0,0
1950-04-21,0,0,2.43238,0.00033791,0,3.38009e+06,0,0,0
1950-04-28,0,0,2.43126,0.000337615,0,3.37948e+06,0,0,0
1950-05-05,0,0,2.43015,0.000337679,0,3.37888e+06,0,0,0
1950-05-12,0,0,2.42903,0.0003373,0,3.37827e+06,0,0,0
1950-05-19,0,0,2.42792,0.00033726,0,3.37766e+06,0,0,0
1950-05-26,0,0,2.4268,0.000337025,0,3.37706e+06,0,0,0
1950-06-02,0,0,2.42569,0.000337128,0,3.37645e+06,0,0,0
1950-06-09,0,0,2.42457,0.000336688,0,3.37584e+06,0,0,0
1950-06-16,0,0,2.42346,0.000336933,0,3.37524e+06,0,0,0
1950-06-23,0,0,2.42234,0.000336433,0,3.37463e+06,0,0,0
1950-06-30,0,0,2.42123,0.000336083,0,3.37402e+06,0,0,0
1950-07-07,0,0,2.42011,0.000336223,0,3.37342e+06,0,0,0
1950-07-14,0,0,2.419,0.000335847,0,3.37281e+06,0,0,0
1950-07-21,0,0,2.41788,0.000335894,0,3.3722e+06,0,0,0
1950-07-28,0,0,2.41677,0.000335572,0,3.3716e+06,0,0,0
1950-08-04,0,0,2.41566,0.000335647,0,3.37099e+06,0,0,0
1950-08-11,0,0,2.41454,0.00033528,0,3.37039e+06,0,0,0
1950-08-18,0,0,2.41343,0.000335226,0,3.36978e+06,0,0,0
1950-08-25,0,0,2.41231,0.000334629,0,3.36917e+06,0,0,0
1950-09-01,0,0,2.4112,0.000334856,0,3.36857e+06,0,0,0
1950-09-08,0,0,2.41008,0.000335216,0,3.36796e+06,0,0,0
1950-09-15,0,0,2.40897,0.000334657,0,3.36735e+06,0,0,0
1950-09-22,0,0,2.40785,0.000334395,0,3.36675e+06,0,0,0
1950-09-29,0,0,2.40674,0.000334611,0,3.36614e+06,0,0,0
1950-10-06,0,0,2.40562,0.000334109,0,3.36553e+06,0,0,0
1950-10-13,0,0,2.40451,0.000333891,0,3.36493e+06,0,0,0
1950-10-20,0,0,2.40339,0.000333923,0,3.36432e+06,0,0,0
1950-10-27,0,0,2.40228,0.000333556,0,3.36372e+06,0,0,0
1950-11-03,0,0,2.40117,0.000333539,0,3.36311e+06,0,0,0
1950-11-10,0,0,2.40005,0.000332848,0,3.3625e+06,0,0,0
1950-11-17,0,0,2.39894,0.000333094,0,3.3619e+06,0,0,0
1950-11-24,0,0,2.39782,0.000333061,0,3.36129e+06,0,0,0
1950-12-01,0,0,2.39671,0.000332803,0,3.36068e+06,0,0,0
1950-12-08,0,0,2.39559,0.00033279,0,3.36008e+06,0,0,0
1950-12-15,0,0,2.39448,0.000332287,0,3.35947e+06,0,0,0
1950-12-22,0,0,2.39336,0.000332418,0,3.35886e+06,0,0,0
1950-12-29,0,0,2.39225,0.000332287,0,3.35826e+06,0,0,0
1951-01-05,0,0,2.3913,0.000331705,0,3.35805e+06,0,0,0
1951-01-12,0,0,2.39047,0.000331916,0,3.35815e+06,0,0,0
1951-01-19,0,0,2.38964,0.000331948,0,3.35824e+06,0,0,0
1951-01-26,0,0,2.38882,0.000331588,0,3.35834e+06,0,0,0
1951-02-02,0,0,2.38799,0.000331731,0,3.35844e+06,0,0,0
1951-02-09,0,0,2.38717,0.000331395,0,3.35853e+06,0,0,0
1951-02-16,0,0,2.38634,0.000331463,0,3.35863e+06,0,0,0
1951-02-23,0,0,2.38551,0.000330941,0,3.35872e+06,0,0,0
1951-03-02,0,0,2.38469,0.00033118,0,3.35882e+06,0,0,0
1951-03-09,0,0,2.38386,0.000331424,0,3.35892e+06,0,0,0
1951-03-16,0,0,2.38303,0.000330998,0,3.35901e+06,0,0,0
1951-03-23,0,0,2.38221,0.000330569,0,3.35911e+06,0,0,0
1951-03-30,0,0,2.38138,0.000330747,0,3.3592e+06,0,0,0
1951-04-06,0,0,2.38055,0.000330734,0,3.3593e+06,0,0,0
1951-04-13,0,0,2.37973,0.000330399,0,3.35939e+06,0,0,0
1951-04-20,0,0,2.3789,0.000330493,0,3.35949e+06,0,0,0
1951-04-27,0,0,2.37807,0.000330165,0,3.35959e+06,0,0,0
1951-05-04,0,0,2.37725,0.000330211,0,3.35968e+06,0,0,0
1951-05-11,0,0,2.37642,0.000329724,0,3.35978e+06,0,0,0
1951-05-18,0,0,2.37559,0.000329937,0,3.35987e+06,0,0,0
1951-05-25,0,0,2.37477,0.000329782,0,3.35997e+06,0,0,0
1951-06-01,0,0,2.37394,0.000330108,0,3.36007e+06,0,0,0
1951-06-08,0,0,2.37311,0.00032965,0,3.36016e+06,0,0,0
1951-06-15,0,0,2.37229,0.000329335,0,3.36026e+06,0,0,0
1951-06-22,0,0,2.37146,0.000329493,0,3.36035e+06,0,0,0
1951-06-29,0,0,2.37063,0.000329148,0,3.36045e+06,0,0,0
1951-07-06,0,0,2.36981,0.000329251,0,3.36055e+06,0,0,0
1951-07-13,0,0,2.36898,0.000328915,0,3.36064e+06,0,0,0
1951-07-20,0,0,2.36815,0.000328945,0,3.36074e+06,0,0,0
1951-07-27,0,0,2.36733,0.000328453,0,3.36083e+06,0,0,0
1951-08-03,0,0,2.3665,0.000328648,0,3.36093e+06,0,0,0
1951-08-10,0,0,2.36567,0.000328642,0,3.36103e+06,0,0,0
1951-08-17,0,0,2.36485,0.00032839,0,3.36112e+06,0,0,0
1951-08-24,0,0,2.36402,0.000328588,0,3.36122e+06,0,0,0
1951-08-31,0,0,2.3632,0.000328188,0,3.36131e+06,0,0,0
1951-09-07,0,0,2.36237,0.000328336,0,3.36141e+06,0,0,0
1951-09-14,0,0,2.36154,0.00032794,0,3.3615e+06,0,0,0
1951-09-21,0,0,2.36072,0.000328035,0,3.3616e+06,0,0,0
1951-09-28,0,0,2.35989,0.000327764,0,3.3617e+06,0,0,0
1951-10-05,0,0,2.35906,0.000327778,0,3.36179e+06,0,0,0
1951-10-12,0,0,2.35824,0.000327401,0,3.36189e+06,0,0,0
1951-10-19,0,0,2.35741,0.000327508,0,3.36198e+06,0,0,0
1951-10-26,0,0,2.35658,0.000327172,0,3.36208e+06,0,0,0
1951-11-02,0,0,2.35576,0.000327313,0,3.36218e+06,0,0,0
1951-11-09,0,0,2.35493,0.000326943,0,3.36227e+06,0,0,0
1951-11-16,0,0,2.3541,0.000327063,0,3.36237e+06,0,0,0
1951-11-23,0,0,2.35328,0.000326759,0,3.36246e+06,0,0,0
1951-11-30,0,0,2.35245,0.000326778,0,3.36256e+06,0,0,0
1951-12-07,0,0,2.35162,0.000326382,0,3.36266e+06,0,0,0
1951-12-14,0,0,2.3508,0.000326567,0,3.36275e+06,0,0,0
1951-12-21,0,0,2.34997,0.000326253,0,3.36285e+06,0,0,0
1951-12-28,0,0,2.34914,0.000326288,0,3.36294e+06,0,0,0
1952-01-04,0,0,2.3485,0.000325876,0,3.36283e+06,0,0,0
1952-01-11,0,0,2.34811,0.000326097,0,3.36245e+06,0,0,0
1952-01-18,0,0,2.34771,0.000326179,0,3.36207e+06,0,0,0
1952-01-25,0,0,2.34732,0.000325996,0,3.36169e+06,0,0,0
1952-02-01,0,0,2.34693,0.000326389,0,3.3613e+06,0,0,0
1952-02-08,0,0,2.34653,0.000325934,0,3.36092e+06,0,0,0
1952-02-15,0,0,2.34614,0.000325773,0,3.36054e+06,0,0,0
1952-02-22,0,0,2.34574,0.000325898,0,3.36016e+06,0,0,0
1952-02-29,0,0,2.34535,0.00032572,0,3.35977e+06,0,0,0
1952-03-07,0,0,2.34496,0.00032599,0,3.35939e+06,0,0,0
1952-03-14,0,0,2.34456,0.000325587,0,3.35901e+06,0,0,0
1952-03-21,0,0,2.34417,0.000325681,0,3.35863e+06,0,0,0
1952-03-28,0,0,2.34378,0.000325438,0,3.35824e+06,0,0,0
1952-04-04,0,0,2.34338,0.000325526,0,3.35786e+06,0,0,0
1952-04-11,0,0,2.34299,0.000325214,0,3.35748e+06,0,0,0
1952-04-18,0,0,2.34259,0.000325426,0,3.3571e+06,0,0,0
1952-04-25,0,0,2.3422,0.000325196,0,3.35671e+06,0,0,0
1952-05-02,0,0,2.34181,0.000325292,0,3.35633e+06,0,0,0
1952-05-09,0,0,2.34141,0.000325101,0,3.35595e+06,0,0,0
1952-05-16,0,0,2.34102,0.00032524,0,3.35557e+06,0,0,0
1952-05-23,0,0,2.34063,0.000325063,0,3.35518e+06,0,0,0
1952-05-30,0,0,2.34023,0.000325251,0,3.3548e+06,0,0,0
1952-06-06,0,0,2.33984,0.000324897,0,3.35442e+06,0,0,0
1952-06-13,0,0,2.33944,0.000324982,0,3.35404e+06,0,0,0
1952-06-20,0,0,2.33905,0.000324534,0,3.35365e+06,0,0,0
1952-06-27,0,0,2.33866,0.000324849,0,3.35327e+06,0,0,0
1952-07-04,0,0,2.33826,0.00032443,0,3.35289e+06,0,0,0
1952-07-11,0,0,2.33787,0.000324689,0,3.35251e+06,0,0,0
1952-07-18,0,0,2.33747,0.000324775,0,3.35212e+06,0,0,0
1952-07-25,0,0,2.33708,0.000324498,0,3.35174e+06,0,0,0
1952-08-01,0,0,2.33669,0.000324588,0,3.35136e+06,0,0,0
1952-08-08,0,0,2.33629,0.000324027,0,3.35098e+06,0,0,0
1952-08-15,0,0,2.3359,0.00032439,0,3.35059e+06,0,0,0
1952-08-22,0,0,2.33551,0.000324695,0,3.35021e+06,0,0,0
1952-08-29,0,0,2.33511,0.000324318,0,3.34983e+06,0,0,0
1952-09-05,0,0,2.33472,0.000324155,0,3.34945e+06,0,0,0
1952-09-12,0,0,2.33432,0.000324222,0,3.34906e+06,0,0,0
1952-09-19,0,0,2.33393,0.000324144,0,3.34868e+06,0,0,0
1952-09-26,0,0,2.33354,0.000324335,0,3.3483e+06,0,0,0
1952-10-03,0,0,2.33314,0.000324032,0,3.34792e+06,0,0,0
1952-10-10,0,0,2.33275,0.00032411,0,3.34753e+06,0,0,0
1952-10-17,0,0,2.33236,0.000323836,0,3.34715e+06,0,0,0
1952-10-24,0,0,2.33196,0.000323957,0,3.34677e+06,0,0,0
1952-10-31,0,0,2.33157,0.000323813,0,3.34639e+06,0,0,0
1952-11-07,0,0,2.33117,0.000323913,0,3.346e+06,0,0,0
1952-11-14,0,0,2.33078,0.000323659,0,3.34562e+06,0,0,0
1952-11-21,0,0,2.33039,0.000323702,0,3.34524e+06,0,0,0
1952-11-28,0,0,2.32999,0.000323173,0,3.34486e+06,0,0,0
1952-12-05,0,0,2.3296,0.00032363,0,3.34447e+06,0,0,0
1952-12-12,0,0,2.3292,0.000323378,0,3.34409e+06,0,0,0
1952-12-19,0,0,2.32881,0.000323443,0,3.34371e+06,0,0,0
1952-12-26,0,0,2.32842,0.000323339,0,3.34333e+06,0,0,0
1953-01-02,0,0,2.32805,0.000323551,0,3.34294e+06,0,0,0
1953-01-09,0,0,2.32783,0.000323282,0,3.34254e+06,0,0,0
1953-01-16,0,0,2.32762,0.000323505,0,3.34213e+06,0,0,0
1953-01-23,0,0,2.3274,0.000323196,0,3.34173e+06,0,0,0
1953-01-30,0,0,2.32718,0.000323532,0,3.34133e+06,0,0,0
1953-02-06,0,0,2.32697,0.000323172,0,3.34093e+06,0,0,0
1953-02-13,0,0,2.32675,0.000323335,0,3.34052e+06,0,0,0
1953-02-20,0,0,2.32653,0.000323116,0,3.34012e+06,0,0,0
1953-02-27,0,0,2.32632,0.000323249,0,3.33972e+06,0,0,0
1953-03-06,0,0,2.3261,0.000322908,0,3.33932e+06,0,0,0
1953-03-13,0,0,2.32589,0.000323069,0,3.33891e+06,0,0,0
1953-03-20,0,0,2.32567,0.000322871,0,3.33851e+06,0,0,0
1953-03-27,0,0,2.32545,0.000323143,0,3.33811e+06,0,0,0
1953-04-03,0,0,2.32524,0.000322904,0,3.3377e+06,0,0,0
1953-04-10,0,0,2.32502,0.000323144,0,3.3373e+06,0,0,0
1953-04-17,0,0,2.3248,0.00032294,0,3.3369e+06,0,0,0
1953-04-24,0,0,2.32459,0.000322594,0,3.3365e+06,0,0,0
1953-05-01,0,0,2.32437,0.000322857,0,3.33609e+06,0,0,0
1953-05-08,0,0,2.32416,0.000322586,0,3.33569e+06,0,0,0
1953-05-15,0,0,2.32394,0.000322837,0,3.33529e+06,0,0,0
1953-05-22,0,0,2.32372,0.000322407,0,3.33489e+06,0,0,0
1953-05-29,0,0,2.32351,0.000322703,0,3.33448e+06,0,0,0
1953-06-05,0,0,2.32329,0.000322685,0,3.33408e+06,0,0,0
1953-06-12,0,0,2.32307,0.000322663,0,3.33368e+06,0,0,0
1953-06-19,0,0,2.32286,0.000322552,0,3.33327e+06,0,0,0
1953-06-26,0,0,2.32264,0.000322872,0,3.33287e+06,0,0,0
1953-07-03,0,0,2.32243,0.000322574,0,3.33247e+06,0,0,0
1953-07-10,0,0,2.32221,0.000322458,0,3.33207e+06,0,0,0
1953-07-17,0,0,2.32199,0.000322728,0,3.33166e+06,0,0,0
1953-07-24,0,0,2.32178,0.000322481,0,3.33126e+06,0,0,0
1953-07-31,0,0,2.32156,0.000322303,0,3.33086e+06,0,0,0
1953-08-07,0,0,2.32134,0.000322437,0,3.33046e+06,0,0,0
1953-08-14,0,0,2.32113,0.000321989,0,3.33005e+06,0,0,0
1953-08-21,0,0,2.32091,0.000322268,0,3.32965e+06,0,0,0
1953-08-28,0,0,2.32069,0.000322466,0,3.32925e+06,0,0,0
1953-09-04,0,0,2.32048,0.000322237,0,3.32884e+06,0,0,0
1953-09-11,0,0,2.32026,0.000322408,0,3.32844e+06,0,0,0
1953-09-18,0,0,2.32005,0.000322193,0,3.32804e+06,0,0,0
1953-09-25,0,0,2.31983,0.000322752,0,3.32764e+06,0,0,0
1953-10-02,0,0,2.31961,0.000322265,0,3.32723e+06,0,0,0
1953-10-09,0,0,2.3194,0.000322076,0,3.32683e+06,0,0,0
1953-10-16,0,0,2.31918,0.000322333,0,3.32643e+06,0,0,0
1953-10-23,0,0,2.31896,0.000322049,0,3.32603e+06,0,0,0
1953-10-30,0,0,2.31875,0.000322257,0,3.32562e+06,0,0,0
1953-11-06,0,0,2.31853,0.000321992,0,3.32522e+06,0,0,0
1953-11-13,0,0,2.31832,0.00032205,0,3.32482e+06,0,0,0
1953-11-20,0,0,2.3181,0.000321661,0,3.32441e+06,0,0,0
1953-11-27,0,0,2.31788,0.000321945,0,3.32401e+06,0,0,0
1953-12-04,0,0,2.31767,0.000321739,0,3.32361e+06,0,0,0
1953-12-11,0,0,2.31745,0.000321984,0,3.32321e+06,0,0,0
1953-12-18,0,0,2.31723,0.000321609,0,3.3228e+06,0,0,0
1953-12-25,0,0,2.31702,0.000321868,0,3.3224e+06,0,0,0
1954-01-01,0,0,2.3168,0.000321645,0,3.322e+06,0,0,0
1954-01-08,0,0,2.31602,0.000321944,0,3.32148e+06,0,0,0
1954-01-15,0,0,2.31519,0.000321501,0,3.32096e+06,0,0,0
1954-01-22,0,0,2.31439,0.000321548,0,3.32044e+06,0,0,0
1954-01-29,0,0,2.31358,0.00032129,0,3.31993e+06,0,0,0
1954-02-05,0,0,2.31278,0.00032151,0,3.31941e+06,0,0,0
1954-02-12,0,0,2.31198,0.000321128,0,3.31889e+06,0,0,0
1954-02-19,0,0,2.31117,0.000320747,0,3.31837e+06,0,0,0
1954-02-26,0,0,2.31037,0.000320828,0,3.31786e+06,0,0,0
1954-03-05,0,0,2.30956,0.000321018,0,3.31734e+06,0,0,0
1954-03-12,0,0,2.30876,0.000320652,0,3.31682e+06,0,0,0
1954-03-19,0,0,2.30795,0.000320646,0,3.3163e+06,0,0,0
1954-03-26,0,0,2.30715,0.000320286,0,3.31578e+06,0,0,0
1954-04-02,0,0,2.30634,0.000320412,0,3.31527e+06,0,0,0
1954-04-09,0,0,2.30554,0.000320013,0,3.31475e+06,0,0,0
1954-04-16,0,0,2.30473,0.000320105,0,3.31423e+06,0,0,0
1954-04-23,0,0,2.30393,0.000320232,0,3.31371e+06,0,0,0
1954-04-30,0,0,2.30312,0.000319798,0,3.31319e+06,0,0,0
1954-05-07,0,0,2.30232,0.000319828,0,3.31268e+06,0,0,0
1954-05-14,0,0,2.30151,0.000319498,0,3.31216e+06,0,0,0
1954-05-21,0,0,2.30071,0.000319522,0,3.31164e+06,0,0,0
1954-05-28,0,0,2.2999,0.000319779,0,3.31112e+06,0,0,0
1954-06-04,0,0,2.2991,0.000319789,0,3.31061e+06,0,0,0
1954-06-11,0,0,2.2983,0.000319245,0,3.31009e+06,0,0,0
1954-06-18,0,0,2.29749,0.000319031,0,3.30957e+06,0,0,0
1954-06-25,0,0,2.29669,0.00031915,0,3.30905e+06,0,0,0
1954-07-02,0,0,2.29588,0.000318774,0,3.30853e+06,0,0,0
1954-07-09,0,0,2.29508,0.000318861,0,3.30802e+06,0,0,0
1954-07-16,0,0,2.29427,0.000318631,0,3.3075e+06,0,0,0
1954-07-23,0,0,2.29347,0.00031886,0,3.30698e+06,0,0,0
1954-07-30,0,0,2.29266,0.000318401,0,3.30646e+06,0,0,0
1954-08-06,0,0,2.29186,0.000318576,0,3.30595e+06,0,0,0
1954-08-13,0,0,2.29105,0.000318196,0,3.30543e+06,0,0,0
1954-08-20,0,0,2.29025,0.000318037,0,3.30491e+06,0,0,0
1954-08-27,0,0,2.28944,0.000318144,0,3.30439e+06,0,0,0
1954-09-03,0,0,2.28864,0.000317856,0,3.30387e+06,0,0,0
1954-09-10,0,0,2.28784,0.000317815,0,3.30336e+06,0,0,0
1954-09-17,0,0,2.28703,0.000317611,0,3.30284e+06,0,0,0
1954-09-24,0,0,2.28623,0.000317989,0,3.30232e+06,0,0,0
1954-10-01,0,0,2.28542,0.000317487,0,3.3018e+06,0,0,0
1954-10-08,0,0,2.28462,0.000317284,0,3.30129e+06,0,0,0
1954-10-15,0,0,2.28381,0.000317657,0,3.30077e+06,0,0,0
1954-10-22,0,0,2.28301,0.000317121,0,3.30025e+06,0,0,0
1954-10-29,0,0,2.2822,0.000316553,0,3.29973e+06,0,0,0
1954-11-05,0,0,2.2814,0.000316803,0,3.29921e+06,0,0,0
1954-11-12,0,0,2.28059,0.000316888,0,3.2987e+06,0,0,0
1954-11-19,0,0,2.27979,0.000316594,0,3.29818e+06,0,0,0
1954-11-26,0,0,2.27898,0.000316656,0,3.29766e+06,0,0,0
1954-12-03,0,0,2.27818,0.000316368,0,3.29714e+06,0,0,0
1954-12-10,0,0,2.27737,0.000316428,0,3.29663e+06,0,0,0
1954-12-17,0,0,2.27657,0.000316089,0,3.29611e+06,0,0,0
1954-12-24,0,0,2.27577,0.000316177,0,3.29559e+06,0,0,0
1954-12-31,0,0,2.27496,0.000315864,0,3.29507e+06,0,0,0
1955-01-07,0,0,2.2766,0.000316216,0,3.29464e+06,0,0,0
1955-01-14,0,0,2.27865,0.000316006,0,3.29421e+06,0,0,0
1955-01-21,0,0,2.28071,0.000316668,0,3.29379e+06,0,0,0
1955-01-28,0,0,2.28276,0.000317095,0,3.29337e+06,0,0,0
1955-02-04,0,0,2.28481,0.000317264,0,3.29295e+06,0,0,0
1955-02-11,0,0,2.28686,0.000317747,0,3.29253e+06,0,0,0
1955-02-18,0,0,2.28892,0.000317763,0,3.2921e+06,0,0,0
1955-02-25,0,0,2.29097,0.000318353,0,3.29168e+06,0,0,0
1955-03-04,0,0,2.29303,0.000318406,0,3.29126e+06,0,0,0
1955-03-11,0,0,2.29508,0.000318903,0,3.29084e+06,0,0,0
1955-03-18,0,0,2.29713,0.000319086,0,3.29042e+06,0,0,0
1955-03-25,0,0,2.29919,0.000319039,0,3.28999e+06,0,0,0
1955-04-01,0,0,2.30124,0.00031965,0,3.28957e+06,0,0,0
1955-04-08,0,0,2.30329,0.000319807,0,3.28915e+06,0,0,0
1955-04-15,0,0,2.30534,0.000320199,0,3.28873e+06,0,0,0
1955-04-22,0,0,2.3074,0.000320346,0,3.28831e+06,0,0,0
1955-04-29,0,0,2.30945,0.000320807,0,3.28789e+06,0,0,0
1955-05-06,0,0,2.3115,0.000320944,0,3.28746e+06,0,0,0
1955-05-13,0,0,2.31356,0.000321417,0,3.28704e+06,0,0,0
1955-05-20,0,0,2.31561,0.00032159,0,3.28662e+06,0,0,0
1955-05-27,0,0,2.31766,0.000322078,0,3.2862e+06,0,0,0
1955-06-03,0,0,2.31972,0.000322084,0,3.28578e+06,0,0,0
1955-06-10,0,0,2.32177,0.000322617,0,3.28535e+06,0,0,0
1955-06-17,0,0,2.32382,0.000322633,0,3.28493e+06,0,0,0
1955-06-24,0,0,2.32588,0.000323129,0,3.28451e+06,0,0,0
1955-07-01,0,0,2.32793,0.000323301,0,3.28409e+06,0,0,0
1955-07-08,0,0,2.32998,0.000324012,0,3.28367e+06,0,0,0
1955-07-15,0,0,2.33204,0.000323944,0,3.28324e+06,0,0,0
1955-07-22,0,0,2.33409,0.000324129,0,3.28282e+06,0,0,0
1955-07-29,0,0,2.33614,0.000324737,0,3.2824e+06,0,0,0
1955-08-05,0,0,2.3382,0.000324778,0,3.28198e+06,0,0,0
1955-08-12,0,0,2.34025,0.000324855,0,3.28156e+06,0,0,0
1955-08-19,0,0,2.3423,0.000325316,0,3.28113e+06,0,0,0
1955-08-26,0,0,2.34436,0.000325448,0,3.28071e+06,0,0,0
1955-09-02,0,0,2.34641,0.000325955,0,3.28029e+06,0,0,0
1955-09-09,0,0,2.34846,0.000326082,0,3.27987e+06,0,0,0
1955-09-16,0,0,2.35052,0.000326516,0,3.27945e+06,0,0,0
1955-09-23,0,0,2.35257,0.000326543,0,3.27903e+06,0,0,0
1955-09-30,0,0,2.35462,0.000327008,0,3.2786e+06,0,0,0
1955-10-07,0,0,2.35668,0.000327699,0,3.27818e+06,0,0,0
1955-10-14,0,0,2.35873,0.00032767,0,3.27776e+06,0,0,0
1955-10-21,0,0,2.36078,0.000327812,0,3.27734e+06,0,0,0
1955-10-28,0,0,2.36284,0.000328212,0,3.27692e+06,0,0,0
1955-11-04,0,0,2.36489,0.000328187,0,3.27649e+06,0,0,0
1955-11-11,0,0,2.36694,0.000328795,0,3.27607e+06,0,0,0
1955-11-18,0,0,2.369,0.000328775,0,3.27565e+06,0,0,0
1955-11-25,0,0,2.37105,0.000329319,0,3.27523e+06,0,0,0
1955-12-02,0,0,2.3731,0.000329609,0,3.27481e+06,0,0,0
1955-12-09,0,0,2.37516,0.000329798,0,3.27438e+06,0,0,0
1955-12-16,0,0,2.37721,0.000330202,0,3.27396e+06,0,0,0
1955-12-23,0,0,2.37926,0.000330088,0,3.27354e+06,0,0,0
1955-12-30,0,0,2.38132,0.000330724,0,3.27312e+06,0,0,0
1956-01-06,0,0,2.38226,0.000331108,0,3.27274e+06,0,0,0
1956-01-13,0,0,2.38275,0.000330962,0,3.27237e+06,0,0,0
1956-01-20,0,0,2.38324,0.000330628,0,3.27201e+06,0,0,0
1956-01-27,0,0,2.38373,0.000331073,0,3.27164e+06,0,0,0
1956-02-03,0,0,2.38422,0.000331049,0,3.27127e+06,0,0,0
1956-02-10,0,0,2.38471,0.000331232,0,3.27091e+06,0,0,0
1956-02-17,0,0,2.3852,0.000331067,0,3.27054e+06,0,0,0
1956-02-24,0,0,2.38569,0.000331329,0,3.27018e+06,0,0,0
1956-03-02,0,0,2.38618,0.000331605,0,3.26981e+06,0,0,0
1956-03-09,0,0,2.38667,0.00033147,0,3.26945e+06,0,0,0
1956-03-16,0,0,2.38716,0.000331721,0,3.26908e+06,0,0,0
1956-03-23,0,0,2.38765,0.000331513,0,3.26871e+06,0,0,0
1956-03-30,0,0,2.38814,0.000331689,0,3.26835e+06,0,0,0
1956-04-06,0,0,2.38864,0.000331815,0,3.26798e+06,0,0,0
1956-04-13,0,0,2.38913,0.000331748,0,3.26762e+06,0,0,0
1956-04-20,0,0,2.38962,0.000331924,0,3.26725e+06,0,0,0
1956-04-27,0,0,2.39011,0.00033187,0,3.26689e+06,0,0,0
1956-05-04,0,0,2.3906,0.000332175,0,3.26652e+06,0,0,0
1956-05-11,0,0,2.39109,0.000332083,0,3.26615e+06,0,0,0
1956-05-18,0,0,2.39158,0.000332373,0,3.26579e+06,0,0,0
1956-05-25,0,0,2.39207,0.000332175,0,3.26542e+06,0,0,0
1956-06-01,0,0,2.39256,0.000332522,0,3.26506e+06,0,0,0
1956-06-08,0,0,2.39305,0.000332381,0,3.26469e+06,0,0,0
1956-06-15,0,0,2.39354,0.000332285,0,3.26433e+06,0,0,0
1956-06-22,0,0,2.39403,0.000332566,0,3.26396e+06,0,0,0
1956-06-29,0,0,2.39452,0.000332525,0,3.26359e+06,0,0,0
1956-07-06,0,0,2.39501,0.000332797,0,3.26323e+06,0,0,0
1956-07-13,0,0,2.39551,0.000332704,0,3.26286e+06,0,0,0
1956-07-20,0,0,2.396,0.00033274,0,3.2625e+06,0,0,0
1956-07-27,0,0,2.39649,0.000332908,0,3.26213e+06,0,0,0
1956-08-03,0,0,2.39698,0.000332612,0,3.26177e+06,0,0,0
1956-08-10,0,0,2.39747,0.00033302,0,3.2614e+06,0,0,0
1956-08-17,0,0,2.39796,0.000332705,0,3.26103e+06,0,0,0
1956-08-24,0,0,2.39845,0.000333115,0,3.26067e+06,0,0,0
1956-08-31,0,0,2.39894,0.000333016,0,3.2603e+06,0,0,0
1956-09-07,0,0,2.39943,0.000333286,0,3.25994e+06,0,0,0
1956-09-14,0,0,2.39992,0.000332982,0,3.25957e+06,0,0,0
1956-09-21,0,0,2.40041,0.000333388,0,3.25921e+06,0,0,0
1956-09-28,0,0,2.4009,0.000333316,0,3.25884e+06,0,0,0
1956-10-05,0,0,2.40139,0.00033357,0,3.25847e+06,0,0,0
1956-10-12,0,0,2.40189,0.000333468,0,3.25811e+06,0,0,0
1956-10-19,0,0,2.40238,0.000333697,0,3.25774e+06,0,0,0
1956-10-26,0,0,2.40287,0.000333664,0,3.25738e+06,0,0,0
1956-11-02,0,0,2.40336,0.000333937,0,3.25701e+06,0,0,0
1956-11-09,0,0,2.40385,0.00033381,0,3.25665e+06,0,0,0
1956-11-16,0,0,2.40434,0.000334189,0,3.25628e+06,0,0,0
1956-11-23,0,0,2.40483,0.000333902,0,3.25591e+06,0,0,0
1956-11-30,0,0,2.40532,0.000334119,0,3.25555e+06,0,0,0
1956-12-07,0,0,2.40581,0.000333983,0,3.25518e+06,0,0,0
1956-12-14,0,0,2.4063,0.000334269,0,3.25482e+06,0,0,0
1956-12-21,0,0,2.40679,0.000334212,0,3.25445e+06,0,0,0
1956-12-28,0,0,2.40728,0.000334375,0,3.25409e+06,0,0,0
1957-01-04,0,0,2.40809,0.000334216,0,3.25364e+06,0,0,0
1957-01-11,0,0,2.40934,0.00033467,0,3.25309e+06,0,0,0
1957-01-18,0,0,2.41058,0.000334626,0,3.25253e+06,0,0,0
1957-01-25,0,0,2.41182,0.00033503,0,3.25198e+06,0,0,0
1957-02-01,0,0,2.41306,0.00033489,0,3.25142e+06,0,0,0
1957-02-08,0,0,2.41431,0.000335401,0,3.25087e+06,0,0,0
1957-02-15,0,0,2.41555,0.00033531,0,3.25032e+06,0,0,0
1957-02-22,0,0,2.41679,0.000335686,0,3.24976e+06,0,0,0
1957-03-01,0,0,2.41803,0.000335621,0,3.24921e+06,0,0,0
1957-03-08,0,0,2.41928,0.000336099,0,3.24866e+06,0,0,0
1957-03-15,0,0,2.42052,0.000336187,0,3.2481e+06,0,0,0
1957-03-22,0,0,2.42176,0.000336444,0,3.24755e+06,0,0,0
1957-03-29,0,0,2.423,0.000336503,0,3.24699e+06,0,0,0
1957-04-05,0,0,2.42425,0.000336855,0,3.24644e+06,0,0,0
1957-04-12,0,0,2.42549,0.000336816,0,3.24589e+06,0,0,0
1957-04-19,0,0,2.42673,0.000337291,0,3.24533e+06,0,0,0
1957-04-26,0,0,2.42797,0.000337239,0,3.24478e+06,0,0,0
1957-05-03,0,0,2.42922,0.00033717,0,3.24422e+06,0,0,0
1957-05-10,0,0,2.43046,0.00033766,0,3.24367e+06,0,0,0
1957-05-17,0,0,2.4317,0.000337669,0,3.24312e+06,0,0,0
1957-05-24,0,0,2.43294,0.000338023,0,3.24256e+06,0,0,0
1957-05-31,0,0,2.43419,0.000338047,0,3.24201e+06,0,0,0
1957-06-07,0,0,2.43543,0.00033854,0,3.24146e+06,0,0,0
1957-06-14,0,0,2.43667,0.000338437,0,3.2409e+06,0,0,0
1957-06-21,0,0,2.43791,0.000338541,0,3.24035e+06,0,0,0
1957-06-28,0,0,2.43916,0.00033879,0,3.23979e+06,0,0,0
1957-07-05,0,0,2.4404,0.000338738,0,3.23924e+06,0,0,0
1957-07-12,0,0,2.44164,0.00033913,0,3.23869e+06,0,0,0
1957-07-19,0,0,2.44288,0.000339023,0,3.23813e+06,0,0,0
1957-07-26,0,0,2.44413,0.000339483,0,3.23758e+06,0,0,0
1957-08-02,0,0,2.44537,0.000339529,0,3.23702e+06,0,0,0
1957-08-09,0,0,2.44661,0.00033987,0,3.23647e+06,0,0,0
1957-08-16,0,0,2.44785,0.00033994,0,3.23592e+06,0,0,0
1957-08-23,0,0,2.4491,0.000340499,0,3.23536e+06,0,0,0
1957-08-30,0,0,2.45034,0.000340335,0,3.23481e+06,0,0,0
1957-09-06,0,0,2.45158,0.00034046,0,3.23425e+06,0,0,0
1957-09-13,0,0,2.45282,0.000340734,0,3.2337e+06,0,0,0
1957-09-20,0,0,2.45407,0.000340775,0,3.23315e+06,0,0,0
1957-09-27,0,0,2.45531,0.000341283,0,3.23259e+06,0,0,0
1957-10-04,0,0,2.45655,0.000341158,0,3.23204e+06,0,0,0
1957-10-11,0,0,2.45779,0.000341866,0,3.23149e+06,0,0,0
1957-10-18,0,0,2.45904,0.000341586,0,3.23093e+06,0,0,0
1957-10-25,0,0,2.46028,0.000341653,0,3.23038e+06,0,0,0
1957-11-01,0,0,2.46152,0.000341919,0,3.22982e+06,0,0,0
1957-11-08,0,0,2.46276,0.000341975,0,3.22927e+06,0,0,0
1957-11-15,0,0,2.46401,0.000342292,0,3.22872e+06,0,0,0
1957-11-22,0,0,2.46525,0.000342368,0,3.22816e+06,0,0,0
1957-11-29,0,0,2.46649,0.000342726,0,3.22761e+06,0,0,0
1957-12-06,0,0,2.46773,0.000342726,0,3.22705e+06,0,0,0
1957-12-13,0,0,2.46898,0.000343053,0,3.2265e+06,0,0,0
1957-12-20,0,0,2.47022,0.000342976,0,3.22595e+06,0,0,0
1957-12-27,0,0,2.47146,0.000343433,0,3.22539e+06,0,0,0
1958-01-03,0,0,2.47261,0.000343382,0,3.22488e+06,0,0,0
1958-01-10,0,0,2.47352,0.000344043,0,3.22448e+06,0,0,0
1958-01-17,0,0,2.47443,0.000343712,0,3.22408e+06,0,0,0
1958-01-24,0,0,2.47534,0.00034373,0,3.22367e+06,0,0,0
1958-01-31,0,0,2.47625,0.000344195,0,3.22327e+06,0,0,0
1958-02-07,0,0,2.47716,0.000344076,0,3.22287e+06,0,0,0
1958-02-14,0,0,2.47807,0.000343896,0,3.22247e+06,0,0,0
1958-02-21,0,0,2.47898,0.000344273,0,3.22206e+06,0,0,0
1958-02-28,0,0,2.47989,0.000344603,0,3.22166e+06,0,0,0
1958-03-07,0,0,2.4808,0.000344477,0,3.22126e+06,0,0,0
1958-03-14,0,0,2.48171,0.0003449,0,3.22086e+06,0,0,0
1958-03-21,0,0,2.48262,0.00034474,0,3.22045e+06,0,0,0
1958-03-28,0,0,2.48353,0.000345279,0,3.22005e+06,0,0,0
1958-04-04,0,0,2.48443,0.000345016,0,3.21965e+06,0,0,0
1958-04-11,0,0,2.48536,0.000345287,0,3.21924e+06,0,0,0
1958-04-18,0,0,2.48626,0.000345236,0,3.21884e+06,0,0,0
1958-04-25,0,0,2.48716,0.000345503,0,3.21844e+06,0,0,0
1958-05-02,0,0,2.48807,0.000345512,0,3.21804e+06,0,0,0
1958-05-09,0,0,2.48898,0.00034573,0,3.21763e+06,0,0,0
1958-05-16,0,0,2.48989,0.000345612,0,3.21723e+06,0,0,0
1958-05-23,0,0,2.4908,0.000345981,0,3.21683e+06,0,0,0
1958-05-30,0,0,2.49171,0.000345374,0,3.21642e+06,0,0,0
1958-06-06,0,0,2.49262,0.000346097,0,3.21602e+06,0,0,0
1958-06-13,0,0,2.49353,0.000346361,0,3.21562e+06,0,0,0
1958-06-20,0,0,2.49444,0.000346373,0,3.21522e+06,0,0,0
1958-06-27,0,0,2.49535,0.000346785,0,3.21481e+06,0,0,0
1958-07-04,0,0,2.49626,0.00034664,0,3.21441e+06,0,0,0
1958-07-11,0,0,2.49717,0.000347016,0,3.21401e+06,0,0,0
1958-07-18,0,0,2.49808,0.000346884,0,3.21361e+06,0,0,0
1958-07-25,0,0,2.49899,0.000347244,0,3.2132e+06,0,0,0
1958-08-01,0,0,2.4999,0.000347048,0,3.2128e+06,0,0,0
1958-08-08,0,0,2.50081,0.000347456,0,3.2124e+06,0,0,0
1958-08-15,0,0,2.50172,0.00034741,0,3.21199e+06,0,0,0
1958-08-22,0,0,2.50263,0.000347692,0,3.21159e+06,0,0,0
1958-08-29,0,0,2.50354,0.000347567,0,3.21119e+06,0,0,0
1958-09-05,0,0,2.50445,0.000347971,0,3.21079e+06,0,0,0
1958-09-12,0,0,2.50536,0.000347885,0,3.21038e+06,0,0,0
1958-09-19,0,0,2.50627,0.000348119,0,3.20998e+06,0,0,0
1958-09-26,0,0,2.50718,0.000347692,0,3.20958e+06,0,0,0
1958-10-03,0,0,2.50809,0.000348257,0,3.20918e+06,0,0,0
1958-10-10,0,0,2.509,0.000348493,0,3.20877e+06,0,0,0
1958-10-17,0,0,2.50991,0.00034822,0,3.20837e+06,0,0,0
1958-10-24,0,0,2.51082,0.000348685,0,3.20797e+06,0,0,0
1958-10-31,0,0,2.51173,0.000349017,0,3.20756e+06,0,0,0
1958-11-07,0,0,2.51264,0.000348992,0,3.20716e+06,0,0,0
1958-11-14,0,0,2.51355,0.000348809,0,3.20676e+06,0,0,0
1958-11-21,0,0,2.51446,0.000349249,0,3.20636e+06,0,0,0
1958-11-28,0,0,2.51537,0.000349065,0,3.20595e+06,0,0,0
1958-12-05,0,0,2.51628,0.000349483,0,3.20555e+06,0,0,0
1958-12-12,0,0,2.51719,0.00034947,0,3.20515e+06,0,0,0
1958-12-19,0,0,2.5181,0.000349817,0,3.20475e+06,0,0,0
1958-12-26,0,0,2.51901,0.000349616,0,3.20434e+06,0,0,0
1959-01-02,0,0,2.52005,0.000349987,0,3.20397e+06,0,0,0
1959-01-09,0,0,2.52196,0.000350643,0,3.20379e+06,0,0,0
1959-01-16,0,0,2.52387,0.000350569,0,3.20361e+06,0,0,0
1959-01-23,0,0,2.52577,0.000350744,0,3.20342e+06,0,0,0
1959-01-30,0,0,2.52768,0.000351223,0,3.20324e+06,0,0,0
1959-02-06,0,0,2.52959,0.000351242,0,3.20306e+06,0,0,0
1959-02-13,0,0,2.53149,0.000351801,0,3.20288e+06,0,0,0
1959-02-20,0,0,2.5334,0.000351745,0,3.20269e+06,0,0,0
1959-02-27,0,0,2.5353,0.000352316,0,3.20251e+06,0,0,0
1959-03-06,0,0,2.53721,0.000352389,0,3.20233e+06,0,0,0
1959-03-13,0,0,2.53912,0.000352752,0,3.20215e+06,0,0,0
1959-03-20,0,0,2.54102,0.000352807,0,3.20196e+06,0,0,0
1959-03-27,0,0,2.54293,0.000353219,0,3.20178e+06,0,0,0
1959-04-03,0,0,2.54484,0.000353132,0,3.2016e+06,0,0,0
1959-04-10,0,0,2.54674,0.00035378,0,3.20142e+06,0,0,0
1959-04-17,0,0,2.54865,0.00035396,0,3.20123e+06,0,0,0
1959-04-24,0,0,2.55055,0.000354523,0,3.20105e+06,0,0,0
1959-05-01,0,0,2.55246,0.000354498,0,3.20087e+06,0,0,0
1959-05-08,0,0,2.55437,0.000354809,0,3.20069e+06,0,0,0
1959-05-15,0,0,2.55627,0.000354642,0,3.2005e+06,0,0,0
1959-05-22,0,0,2.55818,0.000355287,0,3.20032e+06,0,0,0
1959-05-29,0,0,2.56008,0.000355677,0,3.20014e+06,0,0,0
1959-06-05,0,0,2.56199,0.000355638,0,3.19995e+06,0,0,0
1959-06-12,0,0,2.5639,0.000356055,0,3.19977e+06,0,0,0
1959-06-19,0,0,2.5658,0.000356437,0,3.19959e+06,0,0,0
1959-06-26,0,0,2.56771,0.000356568,0,3.19941e+06,0,0,0
1959-07-03,0,0,2.56961,0.000356932,0,3.19922e+06,0,0,0
1959-07-10,0,0,2.57152,0.000357074,0,3.19904e+06,0,0,0
1959-07-17,0,0,2.57343,0.000357483,0,3.19886e+06,0,0,0
1959-07-24,0,0,2.57533,0.000357639,0,3.19868e+06,0,0,0
1959-07-31,0,0,2.57724,0.000358335,0,3.19849e+06,0,0,0
1959-08-07,0,0,2.57915,0.000358258,0,3.19831e+06,0,0,0
1959-08-14,0,0,2.58105,0.000358333,0,3.19813e+06,0,0,0
1959-08-21,0,0,2.58296,0.000358764,0,3.19795e+06,0,0,0
1959-08-28,0,0,2.58486,0.000358654,0,3.19776e+06,0,0,0
1959-09-04,0,0,2.58677,0.000359249,0,3.19758e+06,0,0,0
1959-09-11,0,0,2.58868,0.000359888,0,3.1974e+06,0,0,0
1959-09-18,0,0,2.59058,0.000359776,0,3.19722e+06,0,0,0
1959-09-25,0,0,2.59249,0.000360418,0,3.19703e+06,0,0,0
1959-10-02,0,0,2.59439,0.000360339,0,3.19685e+06,0,0,0
1959-10-09,0,0,2.5963,0.000360632,0,3.19667e+06,0,0,0
1959-10-16,0,0,2.59821,0.00036051,0,3.19649e+06,0,0,0
1959-10-23,0,0,2.60011,0.000361096,0,3.1963e+06,0,0,0
1959-10-30,0,0,2.60202,0.000361665,0,3.19612e+06,0,0,0
1959-11-06,0,0,2.60393,0.000361604,0,3.19594e+06,0,0,0
1959-11-13,0,0,2.60583,0.000362333,0,3.19576e+06,0,0,0
1959-11-20,0,0,2.60774,0.000362231,0,3.19557e+06,0,0,0
1959-11-27,0,0,2.60964,0.000362375,0,3.19539e+06,0,0,0
1959-12-04,0,0,2.61155,0.000362783,0,3.19521e+06,0,0,0
1959-12-11,0,0,2.61346,0.000362895,0,3.19503e+06,0,0,0
1959-12-18,0,0,2.61536,0.000363314,0,3.19484e+06,0,0,0
1959-12-25,0,0,2.61727,0.000363298,0,3.19466e+06,0,0,0
1960-01-01,0,0,2.61917,0.000363865,0,3.19448e+06,0,0,0
1960-01-08,0,0,2.62148,0.000363824,0,3.1942e+06,0,0,0
1960-01-15,0,0,2.62386,0.000364656,0,3.19392e+06,0,0,0
1960-01-22,0,0,2.6262,0.000364824,0,3.19365e+06,0,0,0
1960-01-29,0,0,2.62855,0.000364968,0,3.19337e+06,0,0,0
1960-02-05,0,0,2.63089,0.000365502,0,3.19309e+06,0,0,0
1960-02-12,0,0,2.63324,0.000365657,0,3.19281e+06,0,0,0
1960-02-19,0,0,2.63558,0.000366121,0,3.19254e+06,0,0,0
1960-02-26,0,0,2.63792,0.000366352,0,3.19226e+06,0,0,0
1960-03-04,0,0,2.64027,0.000366772,0,3.19198e+06,0,0,0
1960-03-11,0,0,2.64261,0.000366887,0,3.1917e+06,0,0,0
1960-03-18,0,0,2.64495,0.000367453,0,3.19143e+06,0,0,0
1960-03-25,0,0,2.6473,0.00036758,0,3.19115e+06,0,0,0
1960-04-01,0,0,2.64964,0.000368051,0,3.19087e+06,0,0,0
1960-04-08,0,0,2.65199,0.000367987,0,3.19059e+06,0,0,0
1960-04-15,0,0,2.65433,0.000368696,0,3.19032e+06,0,0,0
1960-04-22,0,0,2.65667,0.000368341,0,3.19004e+06,0,0,0
1960-04-29,0,0,2.65902,0.00036914,0,3.18976e+06,0,0,0
1960-05-06,0,0,2.66136,0.000369668,0,3.18949e+06,0,0,0
1960-05-13,0,0,2.6637,0.000369669,0,3.18921e+06,0,0,0
1960-05-20,0,0,2.66605,0.000370307,0,3.18893e+06,0,0,0
1960-05-27,0,0,2.66839,0.000370286,0,3.18865e+06,0,0,0
1960-06-03,0,0,2.67073,0.000370902,0,3.18838e+06,0,0,0
1960-06-10,0,0,2.67308,0.000371416,0,3.1881e+06,0,0,0
1960-06-17,0,0,2.67542,0.000371479,0,3.18782e+06,0,0,0
1960-06-24,0,0,2.67777,0.000372067,0,3.18754e+06,0,0,0
1960-07-01,0,0,2.68011,0.000372238,0,3.18727e+06,0,0,0
1960-07-08,0,0,2.68245,0.000372507,0,3.18699e+06,0,0,0
1960-07-15,0,0,2.6848,0.000373006,0,3.18671e+06,0,0,0
1960-07-22,0,0,2.68714,0.00037304,0,3.18643e+06,0,0,0
1960-07-29,0,0,2.68948,0.00037355,0,3.18616e+06,0,0,0
1960-08-05,0,0,2.69183,0.00037378,0,3.18588e+06,0,0,0
1960-08-12,0,0,2.69417,0.000374251,0,3.1856e+06,0,0,0
1960-08-19,0,0,2.69652,0.000374108,0,3.18533e+06,0,0,0
1960-08-26,0,0,2.69886,0.000374752,0,3.18505e+06,0,0,0
1960-09-02,0,0,2.7012,0.000375351,0,3.18477e+06,0,0,0
1960-09-09,0,0,2.70355,0.000375326,0,3.18449e+06,0,0,0
1960-09-16,0,0,2.70589,0.000375815,0,3.18422e+06,0,0,0
1960-09-23,0,0,2.70823,0.000375991,0,3.18394e+06,0,0,0
1960-09-30,0,0,2.71058,0.000376554,0,3.18366e+06,0,0,0
1960-10-07,0,0,2.71292,0.000376699,0,3.18338e+06,0,0,0
1960-10-14,0,0,2.71526,0.000377224,0,3.18311e+06,0,0,0
1960-10-21,0,0,2.71761,0.000377314,0,3.18283e+06,0,0,0
1960-10-28,0,0,2.71995,0.000377858,0,3.18255e+06,0,0,0
1960-11-04,0,0,2.7223,0.000377958,0,3.18228e+06,0,0,0
1960-11-11,0,0,2.72464,0.000378452,0,3.182e+06,0,0,0
1960-11-18,0,0,2.72698,0.000378154,0,3.18172e+06,0,0,0
1960-11-25,0,0,2.72933,0.000378958,0,3.18144e+06,0,0,0
1960-12-02,0,0,2.73167,0.000379446,0,3.18117e+06,0,0,0
1960-12-09,0,0,2.73401,0.000379501,0,3.18089e+06,0,0,0
1960-12-16,0,0,2.73636,0.000380104,0,3.18061e+06,0,0,0
1960-12-23,0,0,2.7387,0.000380322,0,3.18033e+06,0,0,0
1960-12-30,0,0,2.74104,0.000381291,0,3.18006e+06,0,0,0
1961-01-06,0,0,2.74326,0.000381085,0,3.18006e+06,0,0,0
1961-01-13,0,0,2.74543,0.000381086,0,3.18017e+06,0,0,0
1961-01-20,0,0,2.74759,0.000381568,0,3.18028e+06,0,0,0
1961-01-27,0,0,2.74975,0.000382041,0,3.18039e+06,0,0,0
1961-02-03,0,0,2.75192,0.000382204,0,3.1805e+06,0,0,0
1961-02-10,0,0,2.75408,0.000382506,0,3.18061e+06,0,0,0
1961-02-17,0,0,2.75625,0.000382798,0,3.18072e+06,0,0,0
1961-02-24,0,0,2.75841,0.000383245,0,3.18083e+06,0,0,0
1961-03-03,0,0,2.76058,0.000383359,0,3.18094e+06,0,0,0
1961-03-10,0,0,2.76274,0.000383841,0,3.18106e+06,0,0,0
1961-03-17,0,0,2.76491,0.000383882,0,3.18117e+06,0,0,0
1961-03-24,0,0,2.76707,0.00038435,0,3.18128e+06,0,0,0
1961-03-31,0,0,2.76923,0.000384132,0,3.18139e+06,0,0,0
1961-04-07,0,0,2.7714,0.000384875,0,3.1815e+06,0,0,0
1961-04-14,0,0,2.77356,0.000385402,0,3.18161e+06,0,0,0
1961-04-21,0,0,2.77573,0.000385498,0,3.18172e+06,0,0,0
1961-04-28,0,0,2.77789,0.000385916,0,3.18183e+06,0,0,0
1961-05-05,0,0,2.78006,0.000386005,0,3.18194e+06,0,0,0
1961-05-12,0,0,2.78222,0.000386682,0,3.18206e+06,0,0,0
1961-05-19,0,0,2.78439,0.000386687,0,3.18217e+06,0,0,0
1961-05-26,0,0,2.78655,0.00038725,0,3.18228e+06,0,0,0
1961-06-02,0,0,2.78871,0.000387218,0,3.18239e+06,0,0,0
1961-06-09,0,0,2.79088,0.000387737,0,3.1825e+06,0,0,0
1961-06-16,0,0,2.79304,0.000387815,0,3.18261e+06,0,0,0
1961-06-23,0,0,2.79521,0.000388353,0,3.18272e+06,0,0,0
1961-06-30,0,0,2.79737,0.000388442,0,3.18283e+06,0,0,0
1961-07-07,0,0,2.79954,0.000388897,0,3.18294e+06,0,0,0
1961-07-14,0,0,2.8017,0.000388971,0,3.18305e+06,0,0,0
1961-07-21,0,0,2.80387,0.000389435,0,3.18317e+06,0,0,0
1961-07-28,0,0,2.80603,0.000389763,0,3.18328e+06,0,0,0
1961-08-04,0,0,2.80819,0.000389588,0,3.18339e+06,0,0,0
1961-08-11,0,0,2.81036,0.000390207,0,3.1835e+06,0,0,0
1961-08-18,0,0,2.81252,0.00039075,0,3.18361e+06,0,0,0
1961-08-25,0,0,2.81469,0.000390822,0,3.18372e+06,0,0,0
1961-09-01,0,0,2.81685,0.000391418,0,3.18383e+06,0,0,0
1961-09-08,0,0,2.81902,0.000391534,0,3.18394e+06,0,0,0
1961-09-15,0,0,2.82118,0.000392027,0,3.18405e+06,0,0,0
1961-09-22,0,0,2.82335,0.000392029,0,3.18417e+06,0,0,0
1961-09-29,0,0,2.82551,0.000392581,0,3.18428e+06,0,0,0
1961-10-06,0,0,2.82767,0.000392589,0,3.18439e+06,0,0,0
1961-10-13,0,0,2.82984,0.000393025,0,3.1845e+06,0,0,0
1961-10-20,0,0,2.832,0.000393334,0,3.18461e+06,0,0,0
1961-10-27,0,0,2.83417,0.000393632,0,3.18472e+06,0,0,0
1961-11-03,0,0,2.83633,0.000393426,0,3.18483e+06,0,0,0
1961-11-10,0,0,2.8385,0.000394171,0,3.18494e+06,0,0,0
1961-11-17,0,0,2.84066,0.000394634,0,3.18505e+06,0,0,0
1961-11-24,0,0,2.84283,0.000394773,0,3.18516e+06,0,0,0
1961-12-01,0,0,2.84499,0.000395304,0,3.18528e+06,0,0,0
1961-12-08,0,0,2.84715,0.000395464,0,3.18539e+06,0,0,0
1961-12-15,0,0,2.84932,0.000395384,0,3.1855e+06,0,0,0
1961-12-22,0,0,2.85148,0.000396104,0,3.18561e+06,0,0,0
1961-12-29,0,0,2.85365,0.000396076,0,3.18572e+06,0,0,0
1962-01-05,0,0,2.85507,0.000396576,0,3.18569e+06,0,0,0
1962-01-12,0,0,2.85592,0.000396543,0,3.18556e+06,0,0,0
1962-01-19,0,0,2.85678,0.000396936,0,3.18543e+06,0,0,0
1962-01-26,0,0,2.85763,0.000396915,0,3.18529e+06,0,0,0
1962-02-02,0,0,2.85849,0.000396817,0,3.18516e+06,0,0,0
1962-02-09,0,0,2.85934,0.000397168,0,3.18503e+06,0,0,0
1962-02-16,0,0,2.86019,0.000397184,0,3.1849e+06,0,0,0
1962-02-23,0,0,2.86105,0.000397477,0,3.18477e+06,0,0,0
1962-03-02,0,0,2.8619,0.000397469,0,3.18463e+06,0,0,0
1962-03-09,0,0,2.86276,0.000397964,0,3.1845e+06,0,0,0
1962-03-16,0,0,2.86361,0.000397728,0,3.18437e+06,0,0,0
1962-03-23,0,0,2.86447,0.000397935,0,3.18424e+06,0,0,0
1962-03-30,0,0,2.86532,0.000397938,0,3.1841e+06,0,0,0
1962-04-06,0,0,2.86618,0.000398435,0,3.18397e+06,0,0,0
1962-04-13,0,0,2.86703,0.000398186,0,3.18384e+06,0,0,0
1962-04-20,0,0,2.86789,0.000398494,0,3.18371e+06,0,0,0
1962-04-27,0,0,2.86874,0.000398377,0,3.18357e+06,0,0,0
1962-05-04,0,0,2.86959,0.000398586,0,3.18344e+06,0,0,0
1962-05-11,0,0,2.87045,0.000398553,0,3.18331e+06,0,0,0
1962-05-18,0,0,2.8713,0.000398854,0,3.18318e+06,0,0,0
1962-05-25,0,0,2.87216,0.000398872,0,3.18304e+06,0,0,0
1962-06-01,0,0,2.87301,0.000399092,0,3.18291e+06,0,0,0
1962-06-08,0,0,2.87387,0.00039909,0,3.18278e+06,0,0,0
1962-06-15,0,0,2.87472,0.000399318,0,3.18265e+06,0,0,0
1962-06-22,0,0,2.87558,0.000399285,0,3.18252e+06,0,0,0
1962-06-29,0,0,2.87643,0.000399514,0,3.18238e+06,0,0,0
1962-07-06,0,0,2.87729,0.000399569,0,3.18225e+06,0,0,0
1962-07-13,0,0,2.87814,0.000399793,0,3.18212e+06,0,0,0
1962-07-20,0,0,2.879,0.000399804,0,3.18199e+06,0,0,0
1962-07-27,0,0,2.87985,0.000400032,0,3.18185e+06,0,0,0
1962-08-03,0,0,2.8807,0.000400013,0,3.18172e+06,0,0,0
1962-08-10,0,0,2.88156,0.000400296,0,3.18159e+06,0,0,0
1962-08-17,0,0,2.88241,0.00040014,0,3.18146e+06,0,0,0
1962-08-24,0,0,2.88327,0.000400528,0,3.18132e+06,0,0,0
1962-08-31,0,0,2.88412,0.000400496,0,3.18119e+06,0,0,0
1962-09-07,0,0,2.88498,0.000400893,0,3.18106e+06,0,0,0
1962-09-14,0,0,2.88583,0.000400738,0,3.18093e+06,0,0,0
1962-09-21,0,0,2.88669,0.000401118,0,3.1808e+06,0,0,0
1962-09-28,0,0,2.88754,0.000401051,0,3.18066e+06,0,0,0
1962-10-05,0,0,2.8884,0.00040124,0,3.18053e+06,0,0,0
1962-10-12,0,0,2.88925,0.000401252,0,3.1804e+06,0,0,0
1962-10-19,0,0,2.8901,0.000401528,0,3.18027e+06,0,0,0
1962-10-26,0,0,2.89096,0.000401372,0,3.18013e+06,0,0,0
1962-11-02,0,0,2.89181,0.000401804,0,3.18e+06,0,0,0
1962-11-09,0,0,2.89267,0.000401605,0,3.17987e+06,0,0,0
1962-11-16,0,0,2.89352,0.000401907,0,3.17974e+06,0,0,0
1962-11-23,0,0,2.89438,0.000401932,0,3.1796e+06,0,0,0
1962-11-30,0,0,2.89523,0.000402532,0,3.17947e+06,0,0,0
1962-12-07,0,0,2.89609,0.000402289,0,3.17934e+06,0,0,0
1962-12-14,0,0,2.89694,0.000402301,0,3.17921e+06,0,0,0
1962-12-21,0,0,2.8978,0.000402911,0,3.17908e+06,0,0,0
1962-12-28,0,0,2.89865,0.000402637,0,3.17894e+06,0,0,0
1963-01-04,0,0,2.89914,0.000402517,0,3.17891e+06,0,0,0
1963-01-11,0,0,2.89914,0.000402714,0,3.17902e+06,0,0,0
1963-01-18,0,0,2.89914,0.000402506,0,3.17913e+06,0,0,0
1963-01-25,0,0,2.89914,0.000402787,0,3.17924e+06,0,0,0
1963-02-01,0,0,2.89914,0.000402593,0,3.17935e+06,0,0,0
1963-02-08,0,0,2.89914,0.000402691,0,3.17946e+06,0,0,0
1963-02-15,0,0,2.89914,0.000402104,0,3.17957e+06,0,0,0
1963-02-22,0,0,2.89914,0.000402563,0,3.17968e+06,0,0,0
1963-03-01,0,0,2.89914,0.000402774,0,3.17979e+06,0,0,0
1963-03-08,0,0,2.89914,0.000402524,0,3.1799e+06,0,0,0
1963-03-15,0,0,2.89914,0.000402765,0,3.18001e+06,0,0,0
1963-03-22,0,0,2.89914,0.000402445,0,3.18012e+06,0,0,0
1963-03-29,0,0,2.89914,0.000402697,0,3.18023e+06,0,0,0
1963-04-05,0,0,2.89914,0.000402505,0,3.18034e+06,0,0,0
1963-04-12,0,0,2.89914,0.000402768,0,3.18045e+06,0,0,0
1963-04-19,0,0,2.89914,0.000402572,0,3.18056e+06,0,0,0
1963-04-26,0,0,2.89914,0.000402694,0,3.18067e+06,0,0,0
1963-05-03,0,0,2.89914,0.000402573,0,3.18078e+06,0,0,0
1963-05-10,0,0,2.89914,0.000402844,0,3.18089e+06,0,0,0
1963-05-17,0,0,2.89914,0.000402578,0,3.181e+06,0,0,0
1963-05-24,0,0,2.89914,0.000402714,0,3.18111e+06,0,0,0
1963-05-31,0,0,2.89914,0.000402418,0,3.18122e+06,0,0,0
1963-06-07,0,0,2.89914,0.000402775,0,3.18133e+06,0,0,0
1963-06-14,0,0,2.89914,0.00040252,0,3.18144e+06,0,0,0
1963-06-21,0,0,2.89914,0.000402788,0,3.18155e+06,0,0,0
1963-06-28,0,0,2.89914,0.000402495,0,3.18166e+06,0,0,0
1963-07-05,0,0,2.89914,0.00040279,0,3.18177e+06,0,0,0
1963-07-12,0,0,2.89914,0.000402583,0,3.18188e+06,0,0,0
1963-07-19,0,0,2.89914,0.000402701,0,3.18199e+06,0,0,0
1963-07-26,0,0,2.89914,0.000402168,0,3.1821e+06,0,0,0
1963-08-02,0,0,2.89914,0.000402524,0,3.18221e+06,0,0,0
1963-08-09,0,0,2.89914,0.000402738,0,3.18232e+06,0,0,0
1963-08-16,0,0,2.89914,0.000402616,0,3.18243e+06,0,0,0
1963-08-23,0,0,2.89914,0.00040325,0,3.18254e+06,0,0,0
1963-08-30,0,0,2.89914,0.000402721,0,3.18265e+06,0,0,0
1963-09-06,0,0,2.89914,0.000402567,0,3.18276e+06,0,0,0
1963-09-13,0,0,2.89914,0.000402884,0,3.18287e+06,0,0,0
1963-09-20,0,0,2.89914,0.000402621,0,3.18298e+06,0,0,0
1963-09-27,0,0,2.89914,0.000402708,0,3.18309e+06,0,0,0
1963-10-04,0,0,2.89914,0.000402588,0,3.1832e+06,0,0,0
1963-10-11,0,0,2.89914,0.00040276,0,3.18331e+06,0,0,0
1963-10-18,0,0,2.89914,0.000402596,0,3.18342e+06,0,0,0
1963-10-25,0,0,2.89914,0.000402689,0,3.18353e+06,0,0,0
1963-11-01,0,0,2.89914,0.000402531,0,3.18364e+06,0,0,0
1963-11-08,0,0,2.89914,0.000402687,0,3.18375e+06,0,0,0
1963-11-15,0,0,2.89914,0.000402158,0,3.18386e+06,0,0,0
1963-11-22,0,0,2.89914,0.000402612,0,3.18397e+06,0,0,0
1963-11-29,0,0,2.89914,0.000402723,0,3.18408e+06,0,0,0
1963-12-06,0,0,2.89914,0.000402508,0,3.18419e+06,0,0,0
1963-12-13,0,0,2.89914,0.000402653,0,3.1843e+06,0,0,0
1963-12-20,0,0,2.89914,0.000402539,0,3.18441e+06,0,0,0
1963-12-27,0,0,2.89914,0.00040266,0,3.18452e+06,0,0,0
1964-01-03,0,0,2.89914,0.000402786,0,3.18468e+06,0,0,0
1964-01-10,0,0,2.89914,0.000402643,0,3.18498e+06,0,0,0
1964-01-17,0,0,2.89914,0.000402928,0,3.18527e+06,0,0,0
1964-01-24,0,0,2.89914,0.000402725,0,3.18556e+06,0,0,0
1964-01-31,0,0,2.89914,0.000402569,0,3.18586e+06,0,0,0
1964-02-07,0,0,2.89914,0.000402777,0,3.18615e+06,0,0,0
1964-02-14,0,0,2.89914,0.000402611,0,3.18645e+06,0,0,0
1964-02-21,0,0,2.89914,0.000402835,0,3.18674e+06,0,0,0
1964-02-28,0,0,2.89914,0.000402587,0,3.18704e+06,0,0,0
1964-03-06,0,0,2.89914,0.000402734,0,3.18733e+06,0,0,0
1964-03-13,0,0,2.89914,0.000402555,0,3.18763e+06,0,0,0
1964-03-20,0,0,2.89914,0.000402663,0,3.18792e+06,0,0,0
1964-03-27,0,0,2.89914,0.000402772,0,3.18822e+06,0,0,0
1964-04-03,0,0,2.89914,0.000402552,0,3.18851e+06,0,0,0
1964-04-10,0,0,2.89914,0.000402682,0,3.1888e+06,0,0,0
1964-04-17,0,0,2.89914,0.000402367,0,3.1891e+06,0,0,0
1964-04-24,0,0,2.89914,0.000402678,0,3.18939e+06,0,0,0
1964-05-01,0,0,2.89914,0.00040248,0,3.18969e+06,0,0,0
1964-05-08,0,0,2.89914,0.000402657,0,3.18998e+06,0,0,0
1964-05-15,0,0,2.89914,0.000402358,0,3.19028e+06,0,0,0
1964-05-22,0,0,2.89914,0.000402666,0,3.19057e+06,0,0,0
1964-05-29,0,0,2.89914,0.000402685,0,3.19087e+06,0,0,0
1964-06-05,0,0,2.89914,0.000402375,0,3.19116e+06,0,0,0
1964-06-12,0,0,2.89914,0.000402635,0,3.19146e+06,0,0,0
1964-06-19,0,0,2.89914,0.000403119,0,3.19175e+06,0,0,0
1964-06-26,0,0,2.89914,0.000402668,0,3.19204e+06,0,0,0
1964-07-03,0,0,2.89914,0.00040268,0,3.19234e+06,0,0,0
1964-07-10,0,0,2.89914,0.000402256,0,3.19263e+06,0,0,0
1964-07-17,0,0,2.89914,0.000402613,0,3.19293e+06,0,0,0
1964-07-24,0,0,2.89914,0.000402702,0,3.19322e+06,0,0,0
1964-07-31,0,0,2.89914,0.000402592,0,3.19352e+06,0,0,0
1964-08-07,0,0,2.89914,0.000402756,0,3.19381e+06,0,0,0
1964-08-14,0,0,2.89914,0.000402641,0,3.19411e+06,0,0,0
1964-08-21,0,0,2.89914,0.000402819,0,3.1944e+06,0,0,0
1964-08-28,0,0,2.89914,0.000402508,0,3.1947e+06,0,0,0
1964-09-04,0,0,2.89914,0.000402691,0,3.19499e+06,0,0,0
1964-09-11,0,0,2.89914,0.000402508,0,3.19528e+06,0,0,0
1964-09-18,0,0,2.89914,0.000402727,0,3.19558e+06,0,0,0
1964-09-25,0,0,2.89914,0.000402539,0,3.19587e+06,0,0,0
1964-10-02,0,0,2.89914,0.000402764,0,3.19617e+06,0,0,0
1964-10-09,0,0,2.89914,0.000402572,0,3.19646e+06,0,0,0
1964-10-16,0,0,2.89914,0.000402719,0,3.19676e+06,0,0,0
1964-10-23,0,0,2.89914,0.000402556,0,3.19705e+06,0,0,0
1964-10-30,0,0,2.89914,0.00040271,0,3.19735e+06,0,0,0
1964-11-06,0,0,2.89914,0.000402455,0,3.19764e+06,0,0,0
1964-11-13,0,0,2.89914,0.000402671,0,3.19794e+06,0,0,0
1964-11-20,0,0,2.89914,0.000402543,0,3.19823e+06,0,0,0
1964-11-27,0,0,2.89914,0.000402666,0,3.19852e+06,0,0,0
1964-12-04,0,0,2.89914,0.000402721,0,3.19882e+06,0,0,0
1964-12-11,0,0,2.89914,0.00040235,0,3.19911e+06,0,0,0
1964-12-18,0,0,2.89914,0.000402639,0,3.19941e+06,0,0,0
1964-12-25,0,0,2.89914,0.000402794,0,3.1997e+06,0,0,0
1965-01-01,0,0,2.89914,0.000402552,0,3.2e+06,0,0,0
