date,I,S,inc,R,cases,ran_cases,index
1944-01-07,882861,695888,984552,821251,492276,491629,0
1944-01-14,1.00464e+06,9610.9,687183,1.38575e+06,343592,343858,0
1944-01-21,615980,777.716,9791.26,1.78324e+06,4895.63,4863.37,0
1944-01-28,374373,580.15,1156.37,2.02505e+06,578.186,548.134,0
1944-02-04,227592,775.549,763.388,2.17163e+06,381.694,369.013,0
1944-02-11,138504,1085.68,648.579,2.26041e+06,324.29,332.577,0
1944-02-18,84411.7,1490.87,553.398,2.3141e+06,276.699,265.997,0
1944-02-25,51540.4,1988.62,460.691,2.34647e+06,230.346,228.833,0
1944-03-03,31540.7,2574.26,372.631,2.36589e+06,186.315,193.85,0
1944-03-10,19352.1,3239.26,293.079,2.37741e+06,146.539,156.456,0
1944-03-17,11908.4,3972.42,224.691,2.38412e+06,112.346,127.093,0
1944-03-24,7351.28,4761.6,168.422,2.38789e+06,84.2108,84.1822,0
1944-03-31,4553.42,5595.13,123.817,2.38985e+06,61.9084,76.4055,0
1944-04-07,2830.35,6462.66,89.5418,2.39071e+06,44.7709,47.5419,0
1944-04-14,1765.66,7355.58,63.8719,2.39088e+06,31.936,29.1515,0
1944-04-21,1105.49,8267.04,45.046,2.39063e+06,22.523,23.0273,0
1944-04-28,694.685,9191.78,31.4733,2.39011e+06,15.7366,8.4718,0
1944-05-05,438.115,10125.9,21.8226,2.38944e+06,10.9113,10.1717,0
1944-05-12,277.29,11066.4,15.0373,2.38866e+06,7.51866,3.83872,0
1944-05-19,176.114,12011.4,10.3097,2.38781e+06,5.15487,4.8986,0
1944-05-26,112.235,12959.4,7.03994,2.38693e+06,3.51997,2.22323,0
1944-06-02,71.7613,13909.3,4.79177,2.38602e+06,2.39588,2.37773,0
1944-06-09,46.0298,14860.5,3.25336,2.38509e+06,1.62668,2.8488,0
1944-06-16,29.616,15812.4,2.20465,2.38416e+06,1.10232,0.576244,0
1944-06-23,19.112,16764.7,1.49192,2.38322e+06,0.74596,0.900187,0
1944-06-30,12.369,17717.2,1.00867,2.38227e+06,0.504337,0.701703,0
1944-07-07,8.02734,18669.7,0.681614,2.38132e+06,0.340807,0,0
1944-07-14,5.22374,19622.1,0.460549,2.38037e+06,0.230274,0,0
1944-07-21,3.40826,20574.3,0.311258,2.37942e+06,0.155629,0.113963,0
1944-07-28,2.22948,21526.4,0.210487,2.37847e+06,0.105244,0.422483,0
1944-08-04,1.4621,22478.2,0.142475,2.37752e+06,0.0712373,0.34621,0
1944-08-11,0.961278,23429.8,0.0965604,2.37657e+06,0.0482802,0.376964,0
1944-08-18,0.633604,24381.1,0.0655471,2.37562e+06,0.0327735,0.226003,0
1944-08-25,0.418694,25332.1,0.0445799,2.37467e+06,0.0222899,0,0
1944-09-01,0.2774,26282.8,0.0303873,2.37372e+06,0.0151937,0,0
1944-09-08,0.18428,27233.2,0.0207658,2.37277e+06,0.0103829,0.0676983,0
1944-09-15,0.122758,28183.4,0.014231,2.37182e+06,0.0071155,0.00777776,0
1944-09-22,0.0820113,29133.2,0.00978313,2.37087e+06,0.00489156,0,0
1944-09-29,0.0549548,30082.7,0.00674827,2.36992e+06,0.00337413,0,0
1944-10-06,0.0369413,31032,0.00467185,2.36897e+06,0.00233592,0,0
1944-10-13,0.0249153,31980.9,0.0032469,2.36802e+06,0.00162345,0.0390033,0
1944-10-20,0.0168634,32929.5,0.0022658,2.36707e+06,0.0011329,0,0
1944-10-27,0.011456,33877.8,0.00158793,2.36612e+06,0.000793965,0,0
1944-11-03,0.00781303,34825.9,0.00111781,2.36517e+06,0.000558904,0,0
1944-11-10,0.00535043,35773.6,0.000790478,2.36423e+06,0.000395239,0.0191745,0
1944-11-17,0.00367986,36721,0.00056163,2.36328e+06,0.000280815,0.0133866,0
1944-11-24,0.00254234,37668.1,0.000400948,2.36233e+06,0.000200474,0.000713573,0
1944-12-01,0.00176474,38614.9,0.000287629,2.36139e+06,0.000143814,0,0
1944-12-08,0.00123098,39561.4,0.00020735,2.36044e+06,0.000103675,0,0
1944-12-15,0.000863016,40507.6,0.000150216,2.35949e+06,7.5108e-05,9.44241e-05,0
1944-12-22,0.000608206,41453.5,0.000109363,2.35855e+06,5.46813e-05,0.00337386,0
1944-12-29,0.000430925,42399.1,8.00118e-05,2.3576e+06,4.00059e-05,0.00710456,0
1945-01-05,0.000306985,43344.4,5.88244e-05,2.35666e+06,2.94122e-05,0,0
1945-01-12,0.000219904,44289.4,4.34563e-05,2.35571e+06,2.17281e-05,0,0
1945-01-19,0.000158405,45234.1,3.22556e-05,2.35477e+06,1.61278e-05,0,0
1945-01-26,0.000114744,46178.5,2.40531e-05,2.35382e+06,1.20265e-05,0.00310081,0
1945-02-02,8.35819e-05,47122.6,1.80175e-05,2.35288e+06,9.00877e-06,0.00176184,0
1945-02-09,6.122e-05,48066.4,1.35556e-05,2.35193e+06,6.77778e-06,0.00189369,0
1945-02-16,4.50853e-05,49009.8,1.02415e-05,2.35099e+06,5.12074e-06,0.00093454,0
1945-02-23,3.33801e-05,49953,7.76874e-06,2.35005e+06,3.88437e-06,0.000681414,0
1945-03-02,2.48419e-05,50895.9,5.91548e-06,2.3491e+06,2.95774e-06,0,0
1945-03-09,1.858e-05,51838.5,4.52044e-06,2.34816e+06,2.26022e-06,0.00152915,0
1945-03-16,1.3963e-05,52780.8,3.4659e-06,2.34722e+06,1.73295e-06,0,0
1945-03-23,1.05409e-05,53722.8,2.66553e-06,2.34628e+06,1.33276e-06,0,0
1945-03-30,7.99151e-06,54664.4,2.05571e-06,2.34534e+06,1.02786e-06,0.000709164,0
1945-04-06,6.08286e-06,55605.8,1.58939e-06,2.34439e+06,7.94696e-07,0,0
1945-04-13,4.64711e-06,56546.9,1.23158e-06,2.34345e+06,6.15791e-07,2.38894e-05,0
1945-04-20,3.56219e-06,57487.7,9.56166e-07,2.34251e+06,4.78083e-07,0.000665388,0
1945-04-27,2.73887e-06,58428.1,7.43561e-07,2.34157e+06,3.71781e-07,0.000373818,0
1945-05-04,2.11155e-06,59368.3,5.79019e-07,2.34063e+06,2.8951e-07,0.000462294,0
1945-05-11,1.63182e-06,60308.2,4.51385e-07,2.33969e+06,2.25692e-07,0,0
1945-05-18,1.2637e-06,61247.8,3.52186e-07,2.33875e+06,1.76093e-07,0.000623324,0
1945-05-25,9.80358e-07,62187,2.74962e-07,2.33781e+06,1.37481e-07,0,0
1945-06-01,7.61682e-07,63126,2.14765e-07,2.33687e+06,1.07383e-07,0,0
1945-06-08,5.92512e-07,64064.7,1.67795e-07,2.33594e+06,8.38975e-08,1.91659e-05,0
1945-06-15,4.61376e-07,65003,1.31119e-07,2.335e+06,6.55594e-08,2.17171e-05,0
1945-06-22,3.59551e-07,65941.1,1.02468e-07,2.33406e+06,5.12342e-08,0.000175213,0
1945-06-29,2.80377e-07,66878.9,8.00831e-08,2.33312e+06,4.00416e-08,0,0
1945-07-06,2.18751e-07,67816.4,6.25932e-08,2.33218e+06,3.12966e-08,0.000122947,0
1945-07-13,1.70744e-07,68753.5,4.89305e-08,2.33125e+06,2.44652e-08,0.000123947,0
1945-07-20,1.33326e-07,69690.4,3.82606e-08,2.33031e+06,1.91303e-08,0.000110394,0
1945-07-27,1.04152e-07,70627,2.99309e-08,2.32937e+06,1.49654e-08,1.07993e-05,0
1945-08-03,8.14002e-08,71563.3,2.34305e-08,2.32844e+06,1.17153e-08,2.96128e-05,0
1945-08-10,6.3656e-08,72499.2,1.83593e-08,2.3275e+06,9.17967e-09,0,0
1945-08-17,4.98169e-08,73434.9,1.4404e-08,2.32657e+06,7.20201e-09,0,0
1945-08-24,3.90235e-08,74370.3,1.13192e-08,2.32563e+06,5.6596e-09,3.10888e-05,0
1945-08-31,3.06053e-08,75305.4,8.91298e-09,2.32469e+06,4.45649e-09,0,0
1945-09-07,2.40388e-08,76240.2,7.03536e-09,2.32376e+06,3.51768e-09,0,0
1945-09-14,1.89155e-08,77174.6,5.56924e-09,2.32283e+06,2.78462e-09,0,0
1945-09-21,1.49166e-08,78108.8,4.42329e-09,2.32189e+06,2.21164e-09,4.36255e-05,0
1945-09-28,1.17933e-08,79042.7,3.52641e-09,2.32096e+06,1.7632e-09,2.10102e-05,0
1945-10-05,9.3519e-09,79976.3,2.82327e-09,2.32002e+06,1.41164e-09,1.3107e-05,0
1945-10-12,7.44127e-09,80909.6,2.27089e-09,2.31909e+06,1.13545e-09,8.38687e-06,0
1945-10-19,5.94389e-09,81842.6,1.8359e-09,2.31816e+06,9.1795e-10,1.78527e-05,0
1945-10-26,4.76832e-09,82775.3,1.49239e-09,2.31722e+06,7.46197e-10,0,0
1945-11-02,3.84348e-09,83707.6,1.22029e-09,2.31629e+06,6.10145e-10,9.54279e-06,0
1945-11-09,3.11414e-09,84639.7,1.004e-09,2.31536e+06,5.02002e-10,1.30425e-05,0
1945-11-16,2.5374e-09,85571.5,8.31447e-10,2.31443e+06,4.15723e-10,5.39312e-06,0
1945-11-23,2.07994e-09,86503,6.93226e-10,2.3135e+06,3.46613e-10,1.24582e-05,0
1945-11-30,1.71586e-09,87434.2,5.82044e-10,2.31257e+06,2.91022e-10,0,0
1945-12-07,1.42504e-09,88365.1,4.92215e-10,2.31163e+06,2.46107e-10,0,0
1945-12-14,1.19184e-09,89295.8,4.19306e-10,2.3107e+06,2.09653e-10,0,0
1945-12-21,1.00404e-09,90226.1,3.5985e-10,2.30977e+06,1.79925e-10,0,0
1945-12-28,8.52157e-10,91156.1,3.11132e-10,2.30884e+06,1.55566e-10,0,0
1946-01-04,7.28749e-10,92085.8,2.71015e-10,2.30791e+06,1.35508e-10,0,0
1946-01-11,6.28002e-10,93015.2,2.37816e-10,2.30698e+06,1.18908e-10,0,0
1946-01-18,5.45351e-10,93944.3,2.10202e-10,2.30606e+06,1.05101e-10,4.70962e-07,0
1946-01-25,4.77204e-10,94873.2,1.87115e-10,2.30513e+06,9.35574e-11,6.30782e-06,0
1946-02-01,4.20724e-10,95801.7,1.6771e-10,2.3042e+06,8.38551e-11,1.00511e-06,0
1946-02-08,3.73664e-10,96729.9,1.51312e-10,2.30327e+06,7.5656e-11,0,0
1946-02-15,3.34238e-10,97657.8,1.37376e-10,2.30234e+06,6.8688e-11,0,0
1946-02-22,3.01018e-10,98585.5,1.25463e-10,2.30141e+06,6.27313e-11,6.0096e-06,0
1946-03-01,2.72861e-10,99512.8,1.15214e-10,2.30049e+06,5.76069e-11,0,0
1946-03-08,2.48845e-10,100440,1.06338e-10,2.29956e+06,5.31689e-11,3.97069e-08,0
1946-03-15,2.28224e-10,101367,9.85946e-11,2.29863e+06,4.92973e-11,0,0
1946-03-22,2.10391e-10,102293,9.17862e-11,2.29771e+06,4.58931e-11,0,0
1946-03-29,1.94851e-10,103219,8.57488e-11,2.29678e+06,4.28744e-11,0,0
1946-04-05,1.81196e-10,104145,8.03461e-11,2.29585e+06,4.01731e-11,3.18109e-06,0
1946-04-12,1.69092e-10,105071,7.54647e-11,2.29493e+06,3.77324e-11,5.2668e-06,0
1946-04-19,1.5826e-10,105996,7.10102e-11,2.294e+06,3.55051e-11,0,0
1946-04-26,1.48472e-10,106921,6.69044e-11,2.29308e+06,3.34522e-11,1.06003e-06,0
1946-05-03,1.39538e-10,107846,6.30829e-11,2.29215e+06,3.15414e-11,0,0
1946-05-10,1.31304e-10,108770,5.94933e-11,2.29123e+06,2.97467e-11,3.13876e-06,0
1946-05-17,1.23642e-10,109694,5.6094e-11,2.29031e+06,2.8047e-11,0,0
1946-05-24,1.16451e-10,110618,5.28525e-11,2.28938e+06,2.64262e-11,0,0
1946-05-31,1.09649e-10,111541,4.97447e-11,2.28846e+06,2.48724e-11,0,0
1946-06-07,1.03176e-10,112465,4.6754e-11,2.28754e+06,2.3377e-11,0,0
1946-06-14,9.69844e-11,113387,4.38698e-11,2.28661e+06,2.19349e-11,0,0
1946-06-21,9.10441e-11,114310,4.10869e-11,2.28569e+06,2.05434e-11,2.18775e-06,0
1946-06-28,8.53349e-11,115232,3.84044e-11,2.28477e+06,1.92022e-11,0,0
1946-07-05,7.98468e-11,116154,3.58247e-11,2.28385e+06,1.79123e-11,0,0
1946-07-12,7.45777e-11,117076,3.33525e-11,2.28292e+06,1.66762e-11,1.04164e-06,0
1946-07-19,6.95306e-11,117998,3.09937e-11,2.282e+06,1.54969e-11,0,0
1946-07-26,6.47129e-11,118919,2.87549e-11,2.28108e+06,1.43775e-11,4.35242e-06,0
1946-08-02,6.01337e-11,119839,2.66423e-11,2.28016e+06,1.33211e-11,4.2423e-06,0
1946-08-09,5.58027e-11,120760,2.46611e-11,2.27924e+06,1.23305e-11,0,0
1946-08-16,5.1729e-11,121680,2.28155e-11,2.27832e+06,1.14077e-11,0,0
1946-08-23,4.79198e-11,122600,2.11078e-11,2.2774e+06,1.05539e-11,0,0
1946-08-30,4.43804e-11,123520,1.9539e-11,2.27648e+06,9.76951e-12,0,0
1946-09-06,4.11129e-11,124439,1.81082e-11,2.27556e+06,9.05408e-12,2.55686e-06,0
1946-09-13,3.8117e-11,125358,1.6813e-11,2.27464e+06,8.40648e-12,2.52148e-06,0
1946-09-20,3.53895e-11,126277,1.56498e-11,2.27372e+06,7.82489e-12,3.99738e-06,0
1946-09-27,3.29249e-11,127196,1.46141e-11,2.2728e+06,7.30704e-12,9.41901e-07,0
1946-10-04,3.07157e-11,128114,1.37006e-11,2.27189e+06,6.85032e-12,0,0
1946-10-11,2.8753e-11,129032,1.29039e-11,2.27097e+06,6.45194e-12,1.08587e-06,0
1946-10-18,2.7027e-11,129949,1.22182e-11,2.27005e+06,6.10912e-12,0,0
1946-10-25,2.55276e-11,130867,1.16384e-11,2.26913e+06,5.81919e-12,2.82143e-06,0
1946-11-01,2.42448e-11,131784,1.11595e-11,2.26822e+06,5.57973e-12,0,0
1946-11-08,2.31695e-11,132700,1.07774e-11,2.2673e+06,5.3887e-12,1.03259e-07,0
1946-11-15,2.22937e-11,133617,1.04891e-11,2.26638e+06,5.24454e-12,0,0
1946-11-22,2.16109e-11,134533,1.02925e-11,2.26547e+06,5.14624e-12,1.53048e-06,0
1946-11-29,2.11169e-11,135449,1.01869e-11,2.26455e+06,5.09344e-12,2.49961e-06,0
1946-12-06,2.08094e-11,136364,1.01731e-11,2.26364e+06,5.08654e-12,3.23229e-07,0
1946-12-13,2.06895e-11,137280,1.02535e-11,2.26272e+06,5.12677e-12,2.36867e-06,0
1946-12-20,2.07609e-11,138195,1.04326e-11,2.26181e+06,5.21628e-12,0,0
1946-12-27,2.10313e-11,139109,1.07166e-11,2.26089e+06,5.3583e-12,1.25761e-06,0
1947-01-03,2.15122e-11,140024,1.11145e-11,2.25998e+06,5.55724e-12,0,0
1947-01-10,2.22198e-11,140938,1.16378e-11,2.25906e+06,5.81889e-12,9.21368e-07,0
1947-01-17,2.31757e-11,141852,1.23011e-11,2.25815e+06,6.15055e-12,1.18908e-06,0
1947-01-24,2.44071e-11,142765,1.31226e-11,2.25723e+06,6.56132e-12,0,0
1947-01-31,2.59485e-11,143678,1.41245e-11,2.25632e+06,7.06226e-12,2.72684e-06,0
1947-02-07,2.78415e-11,144591,1.53335e-11,2.25541e+06,7.66676e-12,0,0
1947-02-14,3.0137e-11,145504,1.67814e-11,2.2545e+06,8.39072e-12,2.20495e-06,0
1947-02-21,3.28954e-11,146416,1.85059e-11,2.25358e+06,9.25295e-12,9.84709e-07,0
1947-02-28,3.61882e-11,147328,2.05508e-11,2.25267e+06,1.02754e-11,4.82743e-07,0
1947-03-07,4.00988e-11,148240,2.29669e-11,2.25176e+06,1.14834e-11,0,0
1947-03-14,4.47237e-11,149152,2.58121e-11,2.25085e+06,1.29061e-11,7.77639e-07,0
1947-03-21,5.01733e-11,150063,2.91521e-11,2.24994e+06,1.45761e-11,0,0
1947-03-28,5.65721e-11,150974,3.30599e-11,2.24903e+06,1.65299e-11,0,0
1947-04-04,6.40588e-11,151884,3.76153e-11,2.24812e+06,1.88077e-11,0,0
1947-04-11,7.27856e-11,152795,4.29047e-11,2.24721e+06,2.14523e-11,0,0
1947-04-18,8.29161e-11,153705,4.90188e-11,2.2463e+06,2.45094e-11,1.47579e-06,0
1947-04-25,9.46236e-11,154614,5.60513e-11,2.24539e+06,2.80257e-11,0,0
1947-05-02,1.08087e-10,155524,6.4096e-11,2.24448e+06,3.2048e-11,0,0
1947-05-09,1.23485e-10,156433,7.32435e-11,2.24357e+06,3.66218e-11,0,0
1947-05-16,1.40993e-10,157342,8.35783e-11,2.24266e+06,4.17891e-11,2.98792e-06,0
1947-05-23,1.60775e-10,158250,9.51745e-11,2.24175e+06,4.75873e-11,0,0
1947-05-30,1.82979e-10,159159,1.08093e-10,2.24084e+06,5.40467e-11,3.21839e-06,0
1947-06-06,2.07729e-10,160067,1.22381e-10,2.23993e+06,6.11903e-11,2.302e-06,0
1947-06-13,2.35122e-10,160974,1.38065e-10,2.23903e+06,6.90323e-11,4.18579e-06,0
1947-06-20,2.65226e-10,161882,1.55158e-10,2.23812e+06,7.75788e-11,0,0
1947-06-27,2.98082e-10,162789,1.73658e-10,2.23721e+06,8.6829e-11,0,0
1947-07-04,3.33705e-10,163696,1.93555e-10,2.2363e+06,9.67777e-11,3.51886e-06,0
1947-07-11,3.72096e-10,164602,2.14838e-10,2.2354e+06,1.07419e-10,0,0
1947-07-18,4.13252e-10,165508,2.37503e-10,2.23449e+06,1.18752e-10,0,0
1947-07-25,4.57189e-10,166414,2.6157e-10,2.23359e+06,1.30785e-10,0,0
1947-08-01,5.03959e-10,167320,2.87091e-10,2.23268e+06,1.43545e-10,0,0
1947-08-08,5.53679e-10,168225,3.14172e-10,2.23177e+06,1.57086e-10,1.48068e-05,0
1947-08-15,6.06558e-10,169130,3.42986e-10,2.23087e+06,1.71493e-10,0,0
1947-08-22,6.62933e-10,170035,3.73796e-10,2.22996e+06,1.86898e-10,1.00961e-05,0
1947-08-29,7.23303e-10,170940,4.06971e-10,2.22906e+06,2.03486e-10,0,0
1947-09-05,7.88368e-10,171844,4.43011e-10,2.22816e+06,2.21506e-10,7.08839e-06,0
1947-09-12,8.59079e-10,172748,4.82577e-10,2.22725e+06,2.41289e-10,0,0
1947-09-19,9.3669e-10,173652,5.26522e-10,2.22635e+06,2.63261e-10,0,0
1947-09-26,1.02283e-09,174555,5.75936e-10,2.22545e+06,2.87968e-10,0,0
1947-10-03,1.11958e-09,175458,6.32203e-10,2.22454e+06,3.16102e-10,2.19156e-05,0
1947-10-10,1.2296e-09,176361,6.97076e-10,2.22364e+06,3.48538e-10,0,0
1947-10-17,1.35628e-09,177263,7.7278e-10,2.22274e+06,3.8639e-10,0,0
1947-10-24,1.5039e-09,178165,8.62149e-10,2.22183e+06,4.31074e-10,1.53067e-05,0
1947-10-31,1.67797e-09,179067,9.68815e-10,2.22093e+06,4.84407e-10,0,0
1947-11-07,1.88556e-09,179969,1.09746e-09,2.22003e+06,5.48732e-10,0,0
1947-11-14,2.13577e-09,180870,1.25419e-09,2.21913e+06,6.27094e-10,0,0
1947-11-21,2.4405e-09,181771,1.44696e-09,2.21823e+06,7.2348e-10,2.57824e-05,0
1947-11-28,2.81532e-09,182672,1.68631e-09,2.21733e+06,8.43154e-10,0,0
1947-12-05,3.28082e-09,183573,1.98622e-09,2.21643e+06,9.93112e-10,0,0
1947-12-12,3.86443e-09,184473,2.36545e-09,2.21553e+06,1.18273e-09,0,0
1947-12-19,4.60289e-09,185373,2.84927e-09,2.21463e+06,1.42463e-09,0,0
1947-12-26,5.54584e-09,186272,3.47198e-09,2.21373e+06,1.73599e-09,7.6919e-06,0
1948-01-02,6.76074e-09,187171,4.28047e-09,2.21283e+06,2.14024e-09,3.35319e-05,0
1948-01-09,8.33983e-09,188071,5.33912e-09,2.21193e+06,2.66956e-09,6.1377e-05,0
1948-01-16,1.04099e-08,188969,6.73686e-09,2.21103e+06,3.36843e-09,0,0
1948-01-23,1.31464e-08,189868,8.59707e-09,2.21013e+06,4.29854e-09,5.85665e-05,0
1948-01-30,1.67926e-08,190766,1.10916e-08,2.20923e+06,5.54581e-09,0,0
1948-02-06,2.16879e-08,191664,1.44607e-08,2.20834e+06,7.23037e-09,0,0
1948-02-13,2.83063e-08,192561,1.9041e-08,2.20744e+06,9.52049e-09,6.00098e-05,0
1948-02-20,3.73125e-08,193459,2.53047e-08,2.20654e+06,1.26524e-08,0,0
1948-02-27,4.96386e-08,194356,3.39155e-08,2.20564e+06,1.69577e-08,2.92722e-05,0
1948-03-05,6.65935e-08,195252,4.58049e-08,2.20475e+06,2.29025e-08,0,0
1948-03-12,9.00132e-08,196149,6.22798e-08,2.20385e+06,3.11399e-08,5.3298e-05,0
1948-03-19,1.2247e-07,197045,8.51685e-08,2.20295e+06,4.25842e-08,0,0
1948-03-26,1.67556e-07,197941,1.17021e-07,2.20206e+06,5.85105e-08,0,0
1948-04-02,2.30275e-07,198837,1.61377e-07,2.20116e+06,8.06887e-08,0,0
1948-04-09,3.17555e-07,199732,2.23125e-07,2.20027e+06,1.11562e-07,0,0
1948-04-16,4.3894e-07,200627,3.08966e-07,2.19937e+06,1.54483e-07,0,0
1948-04-23,6.07484e-07,201522,4.28022e-07,2.19848e+06,2.14011e-07,0.000575072,0
1948-04-30,8.40909e-07,202416,5.92604e-07,2.19758e+06,2.96302e-07,0,0
1948-05-07,1.16306e-06,203310,8.19166e-07,2.19669e+06,4.09583e-07,0,0
1948-05-14,1.60572e-06,204204,1.12949e-06,2.1958e+06,5.64744e-07,0.000464832,0
1948-05-21,2.21087e-06,205098,1.5521e-06,2.1949e+06,7.76049e-07,0,0
1948-05-28,3.03335e-06,205991,2.12397e-06,2.19401e+06,1.06198e-06,0,0
1948-06-04,4.14411e-06,206884,2.89252e-06,2.19312e+06,1.44626e-06,0.0012593,0
1948-06-11,5.634e-06,207777,3.91797e-06,2.19222e+06,1.95898e-06,0,0
1948-06-18,7.61831e-06,208669,5.27611e-06,2.19133e+06,2.63806e-06,0.00037891,0
1948-06-25,1.02421e-05,209561,7.0616e-06,2.19044e+06,3.5308e-06,0,0
1948-07-02,1.36866e-05,210453,9.39197e-06,2.18955e+06,4.69599e-06,0,0
1948-07-09,1.81773e-05,211345,1.24127e-05,2.18866e+06,6.20636e-06,0,0
1948-07-16,2.39935e-05,212236,1.63037e-05,2.18776e+06,8.15186e-06,0.00137693,0
1948-07-23,3.14817e-05,213127,2.12879e-05,2.18687e+06,1.0644e-05,0,0
1948-07-30,4.10726e-05,214018,2.76431e-05,2.18598e+06,1.38215e-05,0.00201989,0
1948-08-06,5.33041e-05,214908,3.57177e-05,2.18509e+06,1.78589e-05,0.00200341,0
1948-08-13,6.88535e-05,215798,4.59536e-05,2.1842e+06,2.29768e-05,0,0
1948-08-20,8.85817e-05,216688,5.8917e-05,2.18331e+06,2.94585e-05,0,0
1948-08-27,0.000113595,217578,7.53426e-05,2.18242e+06,3.76713e-05,0.00133308,0
1948-09-03,0.000145333,218467,9.6195e-05,2.18153e+06,4.80975e-05,0,0
1948-09-10,0.000185687,219356,0.000122756,2.18064e+06,6.13782e-05,0.0103079,0
1948-09-17,0.000237181,220245,0.000156751,2.17976e+06,7.83753e-05,0,0
1948-09-24,0.00030321,221133,0.000200522,2.17887e+06,0.000100261,0,0
1948-10-01,0.000388402,222022,0.00025729,2.17798e+06,0.000128645,0.00028561,0
1948-10-08,0.000499133,222909,0.000331529,2.17709e+06,0.000165765,0,0
1948-10-15,0.000644277,223797,0.000429516,2.1762e+06,0.000214758,0.00973449,0
1948-10-22,0.000836321,224684,0.000560153,2.17532e+06,0.000280076,0,0
1948-10-29,0.00109303,225571,0.000736194,2.17443e+06,0.000368097,0.0119074,0
1948-11-05,0.00143993,226458,0.000976115,2.17354e+06,0.000488058,0.000903033,0
1948-11-12,0.00191413,227345,0.00130697,2.17266e+06,0.000653483,0,0
1948-11-19,0.00257015,228231,0.00176878,2.17177e+06,0.000884391,0,0
1948-11-26,0.00348899,229117,0.00242148,2.17088e+06,0.00121074,0.00612529,0
1948-12-03,0.00479235,230002,0.00335572,2.17e+06,0.00167786,0.0436545,0
1948-12-10,0.00666507,230888,0.00471018,2.16911e+06,0.00235509,0.00767846,0
1948-12-17,0.00939105,231773,0.00669928,2.16823e+06,0.00334964,0,0
1948-12-24,0.013411,232658,0.00965815,2.16734e+06,0.00482907,0.0449978,0
1948-12-31,0.0194166,233542,0.0141159,2.16646e+06,0.00705793,0,0
1949-01-07,0.0285037,234426,0.0209161,2.16557e+06,0.010458,0.0791,0
1949-01-14,0.0424269,235310,0.0314168,2.16469e+06,0.0157084,0,0
1949-01-21,0.0640202,236194,0.047823,2.16381e+06,0.0239115,0.0487692,0
1949-01-28,0.0979005,237077,0.0737444,2.16292e+06,0.0368722,0.151277,0
1949-02-04,0.151649,237960,0.115133,2.16204e+06,0.0575667,0.238342,0
1949-02-11,0.2378,238843,0.181869,2.16116e+06,0.0909347,0.351735,0
1949-02-18,0.377202,239725,0.290438,2.16027e+06,0.145219,0.447292,0
1949-02-25,0.604705,240607,0.46847,2.15939e+06,0.234235,0.329329,0
1949-03-04,0.97879,241488,0.762431,2.15851e+06,0.381215,0.322606,0
1949-03-11,1.59785,242368,1.25061,2.15763e+06,0.625305,0,0
1949-03-18,2.62769,243248,2.06503,2.15675e+06,1.03251,1.85818,0
1949-03-25,4.34769,244125,3.4282,2.15587e+06,1.7141,1.83494,0
1949-04-01,7.22812,245000,5.71442,2.15499e+06,2.85721,6.59417,0
1949-04-08,12.0585,245871,9.55133,2.15412e+06,4.77566,4.13992,0
1949-04-15,20.1593,246736,15.9864,2.15324e+06,7.99321,9.35747,0
1949-04-22,33.7267,247589,26.7574,2.15238e+06,13.3787,4.45787,0
1949-04-29,56.3901,248424,44.7254,2.15152e+06,22.3627,26.2611,0
1949-05-06,94.0966,249229,74.558,2.15068e+06,37.279,36.2474,0
1949-05-13,156.496,249984,123.789,2.14986e+06,61.8943,57.1018,0
1949-05-20,259.059,250659,204.415,2.14908e+06,102.208,106.979,0
1949-05-27,426.235,251202,335.245,2.14837e+06,167.622,174.087,0
1949-06-03,695.966,251536,545.157,2.14777e+06,272.579,257.427,0
1949-06-10,1125.76,251537,877.315,2.14734e+06,438.658,430.07,0
1949-06-17,1800.03,251022,1393.8,2.14718e+06,696.9,702.22,0
1949-06-24,2837.02,249722,2178.9,2.14744e+06,1089.45,1096.04,0
1949-07-01,4390.89,247265,3336.8,2.14834e+06,1668.4,1652.56,0
1949-07-08,6639.64,243170,4975.43,2.15019e+06,2487.71,2539.99,0
1949-07-15,9744.38,236887,7165.2,2.15337e+06,3582.6,3559.36,0
1949-07-22,13766.1,227906,9866,2.15833e+06,4933,4962.24,0
1949-07-29,18547.9,215952,12841,2.1655e+06,6420.52,6455.78,0
1949-08-05,23620.4,201222,15623.2,2.17516e+06,7811.59,7786.35,0
1949-08-12,28233.8,184497,17622,2.18727e+06,8811.01,8883.82,0
1949-08-19,31578.8,167024,18375.3,2.2014e+06,9187.64,9179.12,0
1949-08-26,33100.6,150149,17783.8,2.21675e+06,8891.88,8885.83,0
1949-09-02,32698.3,134928,16134.1,2.23237e+06,8067.07,8076.26,0
1949-09-09,30691.3,121939,13906.9,2.24737e+06,6953.46,6891.87,0
1949-09-16,27620.7,111312,11549,2.26107e+06,5774.51,5751.55,0
1949-09-23,24041.3,102882,9355.2,2.27308e+06,4677.6,4689.94,0
1949-09-30,20394.1,96344.6,7464.37,2.28326e+06,3732.19,3757.5,0
1949-10-07,16969,91365.4,5908.24,2.29167e+06,2954.12,2991.51,0
1949-10-14,13921.1,87633.8,4662.08,2.29845e+06,2331.04,2379.19,0
1949-10-21,11307.7,84885.8,3679.43,2.30381e+06,1839.72,1876.22,0
1949-10-28,9124.37,82907.4,2910.64,2.30797e+06,1455.32,1478.6,0
1949-11-04,7333.62,81529.1,2311.04,2.31114e+06,1155.52,1142.15,0
1949-11-11,5883.69,80618.7,1843.45,2.3135e+06,921.725,901.485,0
1949-11-18,4720.06,80073.9,1478.17,2.31521e+06,739.087,733.569,0
1949-11-25,3791.59,79815.3,1191.99,2.31639e+06,595.993,593.361,0
1949-12-02,3053.28,79781.9,966.924,2.31716e+06,483.462,492.333,0
1949-12-09,2467.12,79926.2,789.183,2.31761e+06,394.591,371.246,0
1949-12-16,2001.81,80211.4,648.163,2.31779e+06,324.082,296.845,0
1949-12-23,1632.03,80609,535.732,2.31776e+06,267.866,302.251,0
1949-12-30,1337.57,81096.5,445.637,2.31757e+06,222.819,233.922,0
1950-01-06,1102.43,81656.5,373.06,2.31724e+06,186.53,195.468,0
1950-01-13,913.998,82275,314.277,2.31681e+06,157.138,151.472,0
1950-01-20,762.394,82941.2,266.403,2.3163e+06,133.201,130.719,0
1950-01-27,639.87,83646.4,227.191,2.31571e+06,113.596,99.273,0
1950-02-03,540.364,84383.6,194.89,2.31508e+06,97.4448,96.9539,0
1950-02-10,459.131,85147.4,168.123,2.31439e+06,84.0613,87.154,0
1950-02-17,392.449,85933.3,145.809,2.31367e+06,72.9045,74.3947,0
1950-02-24,337.397,86737.6,127.094,2.31293e+06,63.547,56.945,0
1950-03-03,291.676,87557.4,111.3,2.31215e+06,55.6499,52.5139,0
1950-03-10,253.47,88390.4,97.8871,2.31136e+06,48.9436,40.8327,0
1950-03-17,221.343,89234.6,86.4245,2.31054e+06,43.2122,37.1872,0
1950-03-24,194.154,90088.4,76.5662,2.30972e+06,38.2831,45.0402,0
1950-03-31,170.995,90950.4,68.0343,2.30888e+06,34.0171,27.4009,0
1950-04-07,151.139,91819.6,60.6044,2.30803e+06,30.3022,31.8569,0
1950-04-14,134.005,92695,54.0952,2.30717e+06,27.0476,20.2831,0
1950-04-21,119.127,93575.9,48.3599,2.3063e+06,24.18,24.4198,0
1950-04-28,106.128,94461.6,43.2796,2.30543e+06,21.6398,24.4116,0
1950-05-05,94.7054,95351.5,38.7574,2.30455e+06,19.3787,20.2215,0
1950-05-12,84.6131,96245.1,34.7149,2.30367e+06,17.3575,16.5657,0
1950-05-19,75.6529,97142.1,31.0884,2.30278e+06,15.5442,11.5553,0
1950-05-26,67.664,98042.1,27.8257,2.30189e+06,13.9128,15.6761,0
1950-06-02,60.5157,98944.7,24.8844,2.30099e+06,12.4422,9.86749,0
1950-06-09,54.1014,99849.7,22.2296,2.3001e+06,11.1148,8.20362,0
1950-06-16,48.334,100757,19.8325,2.29919e+06,9.91625,12.3311,0
1950-06-23,43.1419,101666,17.6688,2.29829e+06,8.8344,13.6715,0
1950-06-30,38.4654,102576,15.718,2.29739e+06,7.85898,5.51415,0
1950-07-07,34.2544,103489,13.9621,2.29648e+06,6.98104,5.68127,0
1950-07-14,30.466,104402,12.3853,2.29557e+06,6.19265,6.8817,0
1950-07-21,27.0632,105316,10.9733,2.29466e+06,5.48665,4.27974,0
1950-07-28,24.0128,106232,9.71278,2.29374e+06,4.85639,6.58628,0
1950-08-04,21.2853,107148,8.59132,2.29283e+06,4.29566,3.47703,0
1950-08-11,18.8531,108065,7.59711,2.29192e+06,3.79855,0.730293,0
1950-08-18,16.6911,108983,6.71892,2.291e+06,3.35946,0.534221,0
1950-08-25,14.7753,109901,5.94602,2.29008e+06,2.97301,1.67427,0
1950-09-01,13.0833,110819,5.26822,2.28917e+06,2.63411,1.70338,0
1950-09-08,11.5939,111738,4.67589,2.28825e+06,2.33795,3.60371,0
1950-09-15,10.2873,112657,4.15998,2.28733e+06,2.07999,0.509173,0
1950-09-22,9.14475,113576,3.71208,2.28641e+06,1.85604,1.87902,0
1950-09-29,8.1488,114495,3.32444,2.2855e+06,1.66222,1.33707,0
1950-10-06,7.28341,115415,2.99,2.28458e+06,1.495,2.53454,0
1950-10-13,6.53383,116334,2.70239,2.28366e+06,1.3512,1.15631,0
1950-10-20,5.88664,117253,2.45591,2.28274e+06,1.22796,1.7576,0
1950-10-27,5.32979,118172,2.24551,2.28182e+06,1.12276,1.48377,0
1950-11-03,4.85247,119091,2.06676,2.2809e+06,1.03338,1.13675,0
1950-11-10,4.44515,120010,1.91583,2.27999e+06,0.957916,2.36181,0
1950-11-17,4.09946,120929,1.78942,2.27907e+06,0.894708,0.802813,0
1950-11-24,3.80813,121847,1.68471,2.27815e+06,0.842354,1.69642,0
1950-12-01,3.56493,122766,1.59935,2.27723e+06,0.799677,0.662482,0
1950-12-08,3.36455,123684,1.53141,2.27631e+06,0.765705,0.678516,0
1950-12-15,3.20255,124602,1.4793,2.2754e+06,0.73965,0.854198,0
1950-12-22,3.07526,125519,1.44179,2.27448e+06,0.720893,0.108133,0
1950-12-29,2.97974,126437,1.41793,2.27356e+06,0.708964,0.185418,0
1951-01-05,2.9137,127354,1.40707,2.27264e+06,0.703534,0,0
1951-01-12,2.87542,128270,1.4088,2.27173e+06,0.704401,0,0
1951-01-19,2.86376,129187,1.42296,2.27081e+06,0.711479,0,0
1951-01-26,2.87804,130103,1.44958,2.26989e+06,0.724789,0,0
1951-02-02,2.91807,131019,1.48891,2.26898e+06,0.744455,0.108049,0
1951-02-09,2.98407,131934,1.54138,2.26806e+06,0.770691,0.282797,0
1951-02-16,3.07664,132849,1.60759,2.26715e+06,0.803795,1.68113,0
1951-02-23,3.19674,133764,1.68828,2.26623e+06,0.844141,0.678161,0
1951-03-02,3.34565,134678,1.78432,2.26532e+06,0.892162,0.19172,0
1951-03-09,3.5249,135592,1.89668,2.2644e+06,0.94834,0.832204,0
1951-03-16,3.73621,136506,2.02637,2.26349e+06,1.01319,1.19927,0
1951-03-23,3.98144,137419,2.17442,2.26258e+06,1.08721,0,0
1951-03-30,4.26249,138331,2.34182,2.26166e+06,1.17091,2.07869,0
1951-04-06,4.5812,139243,2.52944,2.26075e+06,1.26472,0.461742,0
1951-04-13,4.93922,140155,2.73797,2.25984e+06,1.36899,1.19095,0
1951-04-20,5.33786,141066,2.96784,2.25893e+06,1.48392,3.29679,0
1951-04-27,5.77799,141977,3.21913,2.25802e+06,1.60956,1.12305,0
1951-05-04,6.25986,142887,3.49152,2.25711e+06,1.74576,1.048,0
1951-05-11,6.78297,143796,3.78421,2.2562e+06,1.8921,1.89782,0
1951-05-18,7.34598,144705,4.09588,2.25529e+06,2.04794,3.13032,0
1951-05-25,7.94661,145613,4.42471,2.25438e+06,2.21236,1.20429,0
1951-06-01,8.58164,146520,4.76838,2.25347e+06,2.38419,0.25262,0
1951-06-08,9.24694,147427,5.12413,2.25256e+06,2.56206,3.59381,0
1951-06-15,9.93762,148334,5.48893,2.25166e+06,2.74447,2.04671,0
1951-06-22,10.6482,149239,5.85961,2.25075e+06,2.92981,3.47609,0
1951-06-29,11.3729,150144,6.23304,2.24984e+06,3.11652,3.39429,0
1951-07-06,12.106,151048,6.60638,2.24894e+06,3.30319,1.02985,0
1951-07-13,12.8423,151952,6.97733,2.24804e+06,3.48866,4.41309,0
1951-07-20,13.5773,152855,7.3443,2.24713e+06,3.67215,4.81747,0
1951-07-27,14.308,153757,7.70669,2.24623e+06,3.85334,1.61981,0
1951-08-03,15.0329,154659,8.06504,2.24533e+06,4.03252,3.7004,0
1951-08-10,15.7526,155560,8.4212,2.24442e+06,4.2106,4.48332,0
1951-08-17,16.4702,156460,8.77841,2.24352e+06,4.3892,3.78138,0
1951-08-24,17.1912,157360,9.14143,2.24262e+06,4.57071,4.69397,0
1951-08-31,17.9241,158259,9.5166,2.24172e+06,4.7583,5.49472,0
1951-09-07,18.6803,159157,9.91192,2.24082e+06,4.95596,7.56509,0
1951-09-14,19.4746,160055,10.3372,2.23993e+06,5.16858,5.5945,0
1951-09-21,20.3251,160952,10.8041,2.23903e+06,5.40203,1.97,0
1951-09-28,21.254,161848,11.3266,2.23813e+06,5.66328,4.36409,0
1951-10-05,22.2878,162743,11.9212,2.23723e+06,5.96059,4.58731,0
1951-10-12,23.4581,163637,12.6077,2.23634e+06,6.30385,4.97749,0
1951-10-19,24.803,164531,13.4097,2.23544e+06,6.70487,8.67658,0
1951-10-26,26.3683,165422,14.356,2.23455e+06,7.178,7.77439,0
1951-11-02,28.2095,166313,15.4816,2.23366e+06,7.74081,8.13907,0
1951-11-09,30.3951,167202,16.8301,2.23277e+06,8.41505,6.83829,0
1951-11-16,33.0096,168089,18.4559,2.23188e+06,9.22793,12.4147,0
1951-11-23,36.1588,168973,20.4275,2.23099e+06,10.2138,9.17304,0
1951-11-30,39.9764,169855,22.8325,2.2301e+06,11.4163,7.1154,0
1951-12-07,44.6326,170734,25.7829,2.22922e+06,12.8915,12.1104,0
1951-12-14,50.3456,171609,29.4234,2.22834e+06,14.7117,13.776,0
1951-12-21,57.3972,172479,33.9418,2.22746e+06,16.9709,14.1774,0
1951-12-28,66.1531,173343,39.5832,2.22659e+06,19.7916,19.2067,0
1952-01-04,77.0908,174200,46.6688,2.22572e+06,23.3344,21.6173,0
1952-01-11,90.8357,175048,55.6209,2.22486e+06,27.8104,22.3145,0
1952-01-18,108.21,175884,66.996,2.22401e+06,33.498,37.6207,0
1952-01-25,130.298,176705,81.5294,2.22316e+06,40.7647,41.728,0
1952-02-01,158.529,177507,100.192,2.22233e+06,50.0961,51.3534,0
1952-02-08,194.79,178285,124.267,2.22152e+06,62.1333,60.0824,0
1952-02-15,241.572,179031,155.442,2.22073e+06,77.721,69.3774,0
1952-02-22,302.146,179737,195.935,2.21996e+06,97.9675,83.8806,0
1952-02-29,380.795,180390,248.635,2.21923e+06,124.317,121.278,0
1952-03-07,483.083,180974,317.274,2.21854e+06,158.637,164.368,0
1952-03-14,616.163,181468,406.61,2.21792e+06,203.305,204.698,0
1952-03-21,789.105,181847,522.604,2.21736e+06,261.302,259.655,0
1952-03-28,1013.18,182075,672.538,2.21691e+06,336.269,338.98,0
1952-04-04,1302.03,182111,865.007,2.21659e+06,432.504,429.305,0
1952-04-11,1671.54,181902,1109.66,2.21643e+06,554.831,569.216,0
1952-04-18,2139.25,181386,1416.54,2.21647e+06,708.269,681.248,0
1952-04-25,2722.9,180493,1794.78,2.21678e+06,897.39,895.61,0
1952-05-02,3438.01,179143,2250.58,2.21742e+06,1125.29,1101.45,0
1952-05-09,4294.04,177261,2784.33,2.21844e+06,1392.17,1377.05,0
1952-05-16,5289.44,174777,3387.21,2.21993e+06,1693.61,1704.44,0
1952-05-23,6406.18,171642,4038.09,2.22195e+06,2019.05,2036.69,0
1952-05-30,7605.36,167845,4701.98,2.22455e+06,2350.99,2343.74,0
1952-06-06,8825.86,163419,5331.59,2.22775e+06,2665.8,2705.69,0
1952-06-13,9988.25,158454,5873.16,2.23156e+06,2936.58,2963.21,0
1952-06-20,11004.5,153087,6275.73,2.23591e+06,3137.86,3094.32,0
1952-06-27,11792.3,147497,6501.7,2.24071e+06,3250.85,3245.65,0
1952-07-04,12289.8,141874,6534.84,2.24584e+06,3267.42,3305.2,0
1952-07-11,12466.1,136406,6382.81,2.25113e+06,3191.41,3126.2,0
1952-07-18,12325.2,131249,6073.56,2.25643e+06,3036.78,3082.79,0
1952-07-25,11901.4,126519,5647.48,2.26158e+06,2823.74,2796,0
1952-08-01,11250.2,122290,5148.62,2.26646e+06,2574.31,2535.75,0
1952-08-08,10437.1,118593,4617.46,2.27097e+06,2308.73,2318.69,0
1952-08-15,9526.83,115428,4086.7,2.27505e+06,2043.35,2036.15,0
1952-08-22,8577.16,112771,3579.81,2.27865e+06,1789.9,1767,0
1952-08-29,7634.36,110582,3111.58,2.28178e+06,1555.79,1518.24,0
1952-09-05,6732.39,108816,2689.76,2.28445e+06,1344.88,1353.92,0
1952-09-12,5893.68,107424,2316.86,2.28668e+06,1158.43,1148.47,0
1952-09-19,5130.97,106357,1991.88,2.28851e+06,995.942,995.06,0
1952-09-26,4449.46,105570,1711.72,2.28998e+06,855.858,866.393,0
1952-10-03,3848.97,105024,1472.12,2.29113e+06,736.062,737.885,0
1952-10-10,3325.71,104681,1268.44,2.29199e+06,634.222,638.349,0
1952-10-17,2873.72,104510,1096.03,2.29262e+06,548.016,522.708,0
1952-10-24,2485.98,104485,950.516,2.29303e+06,475.258,440.162,0
1952-10-31,2155.11,104583,827.929,2.29326e+06,413.964,426.813,0
1952-11-07,1873.91,104784,724.765,2.29334e+06,362.383,375.64,0
1952-11-14,1635.61,105071,637.983,2.29329e+06,318.991,317.825,0
1952-11-21,1434.08,105432,564.974,2.29313e+06,282.487,290.565,0
1952-11-28,1263.89,105853,503.53,2.29288e+06,251.765,264.486,0
1952-12-05,1120.27,106327,451.787,2.29255e+06,225.894,229.663,0
1952-12-12,999.131,106843,408.188,2.29216e+06,204.094,211.641,0
1952-12-19,896.961,107397,371.431,2.29171e+06,185.715,188.059,0
1952-12-26,810.793,107981,340.432,2.29121e+06,170.216,160.095,0
1953-01-02,738.122,108591,314.29,2.29067e+06,157.145,154.394,0
1953-01-09,676.845,109223,292.254,2.2901e+06,146.127,148.813,0
1953-01-16,625.196,109873,273.701,2.2895e+06,136.851,143.864,0
1953-01-23,581.701,110539,258.109,2.28888e+06,129.055,114.584,0
1953-01-30,545.12,111217,245.04,2.28824e+06,122.52,110.612,0
1953-02-06,514.416,111907,234.124,2.28758e+06,117.062,116.81,0
1953-02-13,488.714,112605,225.048,2.28691e+06,112.524,112.026,0
1953-02-20,467.271,113310,217.543,2.28622e+06,108.771,114.042,0
1953-02-27,449.456,114021,211.374,2.28553e+06,105.687,97.0251,0
1953-03-06,434.722,114737,206.334,2.28483e+06,103.167,110.024,0
1953-03-13,422.596,115457,202.24,2.28412e+06,101.12,87.2422,0
1953-03-20,412.655,116180,198.923,2.28341e+06,99.4613,101.93,0
1953-03-27,404.524,116906,196.227,2.28269e+06,98.1133,94.2741,0
1953-04-03,397.861,117633,194.007,2.28197e+06,97.0033,99.3465,0
1953-04-10,392.349,118363,192.126,2.28125e+06,96.0628,81.6214,0
1953-04-17,387.698,119093,190.455,2.28052e+06,95.2273,102.128,0
1953-04-24,383.632,119825,188.871,2.27979e+06,94.4357,96.8091,0
1953-05-01,379.899,120558,187.263,2.27906e+06,93.6313,94.9454,0
1953-05-08,376.261,121293,185.524,2.27833e+06,92.7621,92.7882,0
1953-05-15,372.505,122030,183.564,2.2776e+06,91.7822,88.8136,0
1953-05-22,368.439,122768,181.305,2.27686e+06,90.6526,87.8175,0
1953-05-29,363.899,123509,178.684,2.27613e+06,89.3422,75.2131,0
1953-06-05,358.752,124253,175.658,2.27539e+06,87.8291,83.1626,0
1953-06-12,352.897,125000,172.202,2.27465e+06,86.1011,83.6247,0
1953-06-19,346.272,125751,168.312,2.2739e+06,84.156,74.7918,0
1953-06-26,338.852,126505,164.003,2.27316e+06,82.0017,80.9599,0
1953-07-03,330.649,127265,159.311,2.2724e+06,79.6557,88.2403,0
1953-07-10,321.712,128028,154.287,2.27165e+06,77.1434,68.5296,0
1953-07-17,312.122,128797,148.995,2.27089e+06,74.4976,72.1015,0
1953-07-24,301.989,129572,143.512,2.27013e+06,71.7562,61.6025,0
1953-07-31,291.443,130351,137.921,2.26936e+06,68.9604,72.2577,0
1953-08-07,280.631,131136,132.306,2.26858e+06,66.1529,67.7664,0
1953-08-14,269.709,131926,126.752,2.2678e+06,63.3762,67.2355,0
1953-08-21,258.835,132722,121.342,2.26702e+06,60.6708,59.6593,0
1953-08-28,248.164,133522,116.149,2.26623e+06,58.0743,61.4819,0
1953-09-04,237.844,134327,111.241,2.26544e+06,55.6207,62.4216,0
1953-09-11,228.008,135136,106.679,2.26464e+06,53.3395,62.6546,0
1953-09-18,218.78,135949,102.513,2.26383e+06,51.2565,49.86,0
1953-09-25,210.268,136766,98.7863,2.26302e+06,49.3932,55.7274,0
1953-10-02,202.565,137586,95.5359,2.26221e+06,47.768,44.2218,0
1953-10-09,195.754,138408,92.7939,2.2614e+06,46.3969,44.3915,0
1953-10-16,189.908,139232,90.5891,2.26058e+06,45.2946,50.7066,0
1953-10-23,185.092,140057,88.9501,2.25976e+06,44.4751,51.9186,0
1953-10-30,181.372,140883,87.9069,2.25894e+06,43.9535,36.8839,0
1953-11-06,178.812,141710,87.4936,2.25811e+06,43.7468,43.933,0
1953-11-13,177.485,142535,87.7512,2.25729e+06,43.8756,46.2731,0
1953-11-20,177.475,143360,88.7305,2.25646e+06,44.3653,43.109,0
1953-11-27,178.885,144183,90.4949,2.25564e+06,45.2475,43.5115,0
1953-12-04,181.838,145002,93.1242,2.25482e+06,46.5621,56.9784,0
1953-12-11,186.49,145818,96.7181,2.254e+06,48.3591,50.0526,0
1953-12-18,193.033,146629,101.401,2.25318e+06,50.7007,55.3566,0
1953-12-25,201.708,147434,107.328,2.25236e+06,53.6642,64.0875,0
1954-01-01,212.81,148231,114.69,2.25156e+06,57.3448,44.1288,0
1954-01-08,226.705,149018,123.718,2.25075e+06,61.8592,67.31,0
1954-01-15,243.838,149795,134.699,2.24996e+06,67.3496,59.8285,0
1954-01-22,264.756,150558,147.976,2.24918e+06,73.9882,78.2504,0
1954-01-29,290.115,151305,163.965,2.24841e+06,81.9824,91.5347,0
1954-02-05,320.708,152032,183.16,2.24765e+06,91.5798,75.889,0
1954-02-12,357.479,152736,206.147,2.24691e+06,103.074,103.153,0
1954-02-19,401.546,153413,233.614,2.24619e+06,116.807,124.041,0
1954-02-26,454.213,154056,266.355,2.24549e+06,133.177,132.812,0
1954-03-05,516.985,154661,305.271,2.24482e+06,152.636,154.142,0
1954-03-12,591.57,155219,351.37,2.24419e+06,175.685,180.765,0
1954-03-19,679.864,155722,405.743,2.2436e+06,202.871,193.731,0
1954-03-26,783.918,156162,469.531,2.24305e+06,234.766,232.216,0
1954-04-02,905.867,156527,543.874,2.24257e+06,271.937,264.582,0
1954-04-09,1047.83,156806,629.825,2.24215e+06,314.913,324.447,0
1954-04-16,1211.77,156987,728.242,2.2418e+06,364.121,386.834,0
1954-04-23,1399.25,157056,839.649,2.24154e+06,419.825,431.534,0
1954-04-30,1611.25,157001,964.076,2.24139e+06,482.038,482.447,0
1954-05-07,1847.82,156809,1100.88,2.24134e+06,550.442,566.412,0
1954-05-14,2107.82,156469,1248.6,2.24142e+06,624.3,603.486,0
1954-05-21,2388.59,155973,1404.8,2.24164e+06,702.402,705.171,0
1954-05-28,2685.82,155316,1566.07,2.242e+06,783.035,793.269,0
1954-06-04,2993.42,154498,1728.03,2.24251e+06,864.016,856.125,0
1954-06-11,3303.64,153522,1885.57,2.24317e+06,942.785,942.803,0
1954-06-18,3607.43,152399,2033.13,2.24399e+06,1016.57,985.459,0
1954-06-25,3894.91,151144,2165.16,2.24496e+06,1082.58,1071.74,0
1954-07-02,4156.15,149779,2276.58,2.24607e+06,1138.29,1164.16,0
1954-07-09,4381.91,148327,2363.3,2.24729e+06,1181.65,1180.88,0
1954-07-16,4564.48,146816,2422.53,2.24862e+06,1211.26,1217.57,0
1954-07-23,4698.26,145275,2453.06,2.25003e+06,1226.53,1289.97,0
1954-07-30,4780.23,143733,2455.3,2.25149e+06,1227.65,1240,0
1954-08-06,4810.08,142215,2431.11,2.25297e+06,1215.55,1219.07,0
1954-08-13,4790.05,140745,2383.53,2.25446e+06,1191.77,1124.37,0
1954-08-20,4724.53,139343,2316.43,2.25593e+06,1158.22,1160.04,0
1954-08-27,4619.61,138024,2234.1,2.25736e+06,1117.05,1127.27,0
1954-09-03,4482.35,136798,2140.88,2.25872e+06,1070.44,1077.01,0
1954-09-10,4320.3,135672,2040.89,2.26001e+06,1020.45,1021.71,0
1954-09-17,4140.89,134650,1937.82,2.26121e+06,968.91,957.877,0
1954-09-24,3951.1,133732,1834.8,2.26232e+06,917.4,901.34,0
1954-10-01,3757.12,132914,1734.36,2.26333e+06,867.182,857.882,0
1954-10-08,3564.22,132192,1638.46,2.26424e+06,819.232,826.203,0
1954-10-15,3376.7,131560,1548.51,2.26506e+06,774.257,806.956,0
1954-10-22,3197.89,131012,1465.47,2.26579e+06,732.735,713.875,0
1954-10-29,3030.27,130539,1389.91,2.26643e+06,694.955,716.07,0
1954-11-05,2875.55,130134,1322.11,2.26699e+06,661.056,677.02,0
1954-11-12,2734.8,129790,1262.14,2.26748e+06,631.068,634.918,0
1954-11-19,2608.59,129497,1209.88,2.26789e+06,604.939,616.223,0
1954-11-26,2497.1,129250,1165.13,2.26825e+06,582.566,579.606,0
1954-12-03,2400.21,129040,1127.62,2.26856e+06,563.809,566.508,0
1954-12-10,2317.61,128861,1097.02,2.26882e+06,548.512,570.04,0
1954-12-17,2248.85,128705,1073.02,2.26905e+06,536.512,545.934,0
1954-12-24,2193.41,128568,1055.28,2.26924e+06,527.641,534.245,0
1954-12-31,2150.68,128442,1043.47,2.26941e+06,521.736,513.324,0
1955-01-07,2120.07,128323,1037.26,2.26956e+06,518.631,506.699,0
1955-01-14,2100.93,128205,1036.33,2.26969e+06,518.163,489.497,0
1955-01-21,2092.63,128083,1040.32,2.26982e+06,520.161,523.581,0
1955-01-28,2094.48,127952,1048.89,2.26995e+06,524.443,552.096,0
1955-02-04,2105.75,127808,1061.62,2.27009e+06,530.81,544.632,0
1955-02-11,2125.64,127648,1078.07,2.27023e+06,539.037,509.073,0
1955-02-18,2153.26,127469,1097.72,2.27038e+06,548.862,558.526,0
1955-02-25,2187.58,127267,1119.97,2.27055e+06,559.985,535.764,0
1955-03-04,2227.44,127041,1144.12,2.27073e+06,572.059,548.472,0
1955-03-11,2271.5,126791,1169.37,2.27094e+06,584.685,581.779,0
1955-03-18,2318.24,126514,1194.83,2.27117e+06,597.415,626.567,0
1955-03-25,2365.96,126213,1219.51,2.27142e+06,609.755,645.82,0
1955-04-01,2412.79,125890,1242.36,2.2717e+06,621.179,621.776,0
1955-04-08,2456.74,125546,1262.27,2.272e+06,631.137,613.352,0
1955-04-15,2495.75,125187,1278.17,2.27232e+06,639.085,632.728,0
1955-04-22,2527.74,124817,1289.01,2.27266e+06,644.504,647.486,0
1955-04-29,2550.76,124442,1293.86,2.27301e+06,646.931,607.178,0
1955-05-06,2562.99,124070,1291.97,2.27337e+06,645.986,624.971,0
1955-05-13,2562.94,123706,1282.79,2.27373e+06,641.395,637.207,0
1955-05-20,2549.47,123360,1266.03,2.27409e+06,633.015,636.783,0
1955-05-27,2521.9,123038,1241.68,2.27444e+06,620.839,619.37,0
1955-06-03,2480.03,122747,1210.01,2.27477e+06,605.003,591.848,0
1955-06-10,2424.18,122496,1171.55,2.27508e+06,585.777,586.403,0
1955-06-17,2355.15,122288,1127.09,2.27536e+06,563.545,542.629,0
1955-06-24,2274.18,122131,1077.58,2.2756e+06,538.788,536.66,0
1955-07-01,2182.9,122027,1024.09,2.27579e+06,512.047,479.337,0
1955-07-08,2083.18,121979,967.795,2.27594e+06,483.898,473.386,0
1955-07-15,1977.08,121989,909.838,2.27603e+06,454.919,462.94,0
1955-07-22,1866.72,122058,851.331,2.27608e+06,425.665,426.655,0
1955-07-29,1754.16,122184,793.291,2.27606e+06,396.646,382.176,0
1955-08-05,1641.38,122368,736.612,2.27599e+06,368.306,380.905,0
1955-08-12,1530.13,122605,682.042,2.27586e+06,341.021,341.538,0
1955-08-19,1421.97,122895,630.177,2.27568e+06,315.088,317.855,0
1955-08-26,1318.16,123233,581.461,2.27545e+06,290.73,271.848,0
1955-09-02,1219.72,123617,536.197,2.27516e+06,268.099,258.349,0
1955-09-09,1127.4,124042,494.562,2.27483e+06,247.281,251.635,0
1955-09-16,1041.69,124504,456.623,2.27445e+06,228.312,236.07,0
1955-09-23,962.878,125001,422.362,2.27404e+06,211.181,224.362,0
1955-09-30,891.077,125528,391.692,2.27358e+06,195.846,211.653,0
1955-10-07,826.238,126083,364.477,2.27309e+06,182.238,189.869,0
1955-10-14,768.205,126661,340.552,2.27257e+06,170.276,163.065,0
1955-10-21,716.736,127259,319.736,2.27202e+06,159.868,167.134,0
1955-10-28,671.54,127876,301.84,2.27145e+06,150.92,144.141,0
1955-11-04,632.298,128507,286.684,2.27086e+06,143.342,151.886,0
1955-11-11,598.684,129151,274.101,2.27025e+06,137.05,127.101,0
1955-11-18,570.386,129804,263.941,2.26963e+06,131.97,153.246,0
1955-11-25,547.115,130466,256.078,2.26899e+06,128.039,134.499,0
1955-12-02,528.618,131132,250.414,2.26834e+06,125.207,124.111,0
1955-12-09,514.687,131803,246.875,2.26768e+06,123.438,115.672,0
1955-12-16,505.163,132474,245.421,2.26702e+06,122.711,121.978,0
1955-12-23,499.944,133144,246.04,2.26636e+06,123.02,112.851,0
1955-12-30,498.983,133812,248.753,2.26569e+06,124.376,118.956,0
1956-01-06,502.293,134475,253.61,2.26502e+06,126.805,117.699,0
1956-01-13,509.95,135130,260.696,2.26436e+06,130.348,122.228,0
1956-01-20,522.091,135775,270.125,2.2637e+06,135.062,131.266,0
1956-01-27,538.911,136409,282.04,2.26305e+06,141.02,141.662,0
1956-02-03,560.665,137027,296.613,2.26241e+06,148.306,160.11,0
1956-02-10,587.663,137629,314.037,2.26178e+06,157.019,152.448,0
1956-02-17,620.257,138209,334.526,2.26117e+06,167.263,172.766,0
1956-02-24,658.835,138765,358.298,2.26058e+06,179.149,196.323,0
1956-03-02,703.804,139294,385.572,2.26e+06,192.786,183.345,0
1956-03-09,755.566,139792,416.546,2.25945e+06,208.273,206.39,0
1956-03-16,814.488,140255,451.381,2.25893e+06,225.691,233.431,0
1956-03-23,880.869,140679,490.176,2.25844e+06,245.088,241.786,0
1956-03-30,954.894,141060,532.939,2.25799e+06,266.469,253.975,0
1956-04-06,1036.58,141394,579.56,2.25757e+06,289.78,282.675,0
1956-04-13,1125.74,141678,629.781,2.2572e+06,314.891,296.127,0
1956-04-20,1221.9,141909,683.165,2.25687e+06,341.583,345.444,0
1956-04-27,1324.27,142083,739.079,2.25659e+06,369.539,370.405,0
1956-05-04,1431.7,142200,796.681,2.25637e+06,398.34,395.428,0
1956-05-11,1542.67,142259,854.928,2.2562e+06,427.464,413.611,0
1956-05-18,1655.29,142260,912.6,2.25608e+06,456.3,424.469,0
1956-05-25,1767.35,142205,968.341,2.25603e+06,484.171,456.968,0
1956-06-01,1876.38,142098,1020.73,2.25603e+06,510.364,495.037,0
1956-06-08,1979.78,141943,1068.35,2.25608e+06,534.174,519.525,0
1956-06-15,2074.95,141747,1109.89,2.25618e+06,554.945,567.466,0
1956-06-22,2159.41,141516,1144.23,2.25632e+06,572.114,577.507,0
1956-06-29,2231.03,141260,1170.51,2.25651e+06,585.255,596.828,0
1956-07-06,2288.1,140985,1188.21,2.25673e+06,594.103,590.61,0
1956-07-13,2329.45,140702,1197.15,2.25697e+06,598.574,622.466,0
1956-07-20,2354.55,140419,1197.53,2.25723e+06,598.767,592.657,0
1956-07-27,2363.51,140143,1189.89,2.25749e+06,594.946,607.634,0
1956-08-03,2357.04,139882,1175.04,2.25776e+06,587.521,595.26,0
1956-08-10,2336.39,139642,1154.02,2.25802e+06,577.008,566.32,0
1956-08-17,2303.25,139429,1128,2.25827e+06,563.999,591.101,0
1956-08-24,2259.64,139245,1098.23,2.2585e+06,549.115,563.859,0
1956-08-31,2207.74,139094,1065.96,2.2587e+06,532.981,527.159,0
1956-09-07,2149.83,138976,1032.38,2.25887e+06,516.192,532.782,0
1956-09-14,2088.14,138892,998.589,2.25902e+06,499.294,501.691,0
1956-09-21,2024.77,138841,965.548,2.25913e+06,482.774,465.309,0
1956-09-28,1961.67,138821,934.1,2.25922e+06,467.05,488.959,0
1956-10-05,1900.56,138831,904.947,2.25927e+06,452.474,445.212,0
1956-10-12,1842.93,138867,878.67,2.25929e+06,439.335,417.168,0
1956-10-19,1790.06,138926,855.738,2.25928e+06,427.869,429.188,0
1956-10-26,1743.02,139004,836.532,2.25925e+06,418.266,402.899,0
1956-11-02,1702.7,139097,821.364,2.2592e+06,410.682,407.861,0
1956-11-09,1669.85,139201,810.497,2.25913e+06,405.249,433.574,0
1956-11-16,1645.1,139312,804.165,2.25904e+06,402.082,407.863,0
1956-11-23,1629.01,139423,802.588,2.25895e+06,401.294,386.64,0
1956-11-30,1622.1,139532,805.99,2.25885e+06,402.995,421.034,0
1956-12-07,1624.86,139632,814.605,2.25874e+06,407.303,388.688,0
1956-12-14,1637.8,139717,828.692,2.25864e+06,414.346,409.747,0
1956-12-21,1661.45,139783,848.528,2.25856e+06,424.264,421.846,0
1956-12-28,1696.36,139823,874.419,2.25848e+06,437.21,422.168,0
1957-01-04,1743.13,139831,906.684,2.25843e+06,453.342,445.723,0
1957-01-11,1802.37,139799,945.646,2.2584e+06,472.823,474.395,0
1957-01-18,1874.68,139722,991.61,2.2584e+06,495.805,467.179,0
1957-01-25,1960.65,139591,1044.83,2.25845e+06,522.417,499.93,0
1957-02-01,2060.74,139400,1105.49,2.25854e+06,552.743,558.127,0
1957-02-08,2175.27,139141,1173.6,2.25868e+06,586.798,578.543,0
1957-02-15,2304.26,138807,1248.99,2.25889e+06,624.495,629.609,0
1957-02-22,2447.39,138390,1331.22,2.25916e+06,665.611,661.967,0
1957-03-01,2603.81,137886,1419.51,2.25951e+06,709.753,707.557,0
1957-03-08,2772.07,137288,1512.63,2.25994e+06,756.316,780.874,0
1957-03-15,2949.93,136594,1608.93,2.26046e+06,804.465,813.207,0
1957-03-22,3134.32,135804,1706.23,2.26106e+06,853.115,833.124,0
1957-03-29,3321.28,134917,1801.88,2.26176e+06,900.94,934.774,0
1957-04-05,3505.99,133941,1892.82,2.26255e+06,946.409,1003.19,0
1957-04-12,3682.87,132881,1975.7,2.26344e+06,987.85,970.153,0
1957-04-19,3845.87,131751,2047.1,2.2644e+06,1023.55,1019.04,0
1957-04-26,3988.73,130564,2103.73,2.26545e+06,1051.87,1073.42,0
1957-05-03,4105.42,129339,2142.73,2.26656e+06,1071.37,1102.05,0
1957-05-10,4190.57,128095,2161.89,2.26771e+06,1080.95,1104.53,0
1957-05-17,4239.92,126853,2159.88,2.26891e+06,1079.94,1079.13,0
1957-05-24,4250.62,125636,2136.34,2.27011e+06,1068.17,1039.68,0
1957-05-31,4221.52,124463,2091.95,2.27132e+06,1045.97,1052.63,0
1957-06-07,4153.22,123354,2028.33,2.27249e+06,1014.16,1011.75,0
1957-06-14,4048.02,122326,1947.88,2.27363e+06,973.942,950.742,0
1957-06-21,3909.64,121392,1853.6,2.2747e+06,926.8,903.364,0
1957-06-28,3742.98,120564,1748.78,2.27569e+06,874.39,875.224,0
1957-07-05,3553.65,119847,1636.81,2.2766e+06,818.406,803.5,0
1957-07-12,3347.62,119247,1520.96,2.27741e+06,760.48,778.906,0
1957-07-19,3130.84,118764,1404.2,2.27811e+06,702.098,674.116,0
1957-07-26,2908.92,118396,1289.09,2.2787e+06,644.544,659.578,0
1957-08-02,2686.9,118140,1177.74,2.27917e+06,588.869,588.366,0
1957-08-09,2469.1,117989,1071.78,2.27954e+06,535.888,543.937,0
1957-08-16,2259.06,117938,972.365,2.2798e+06,486.183,497.994,0
1957-08-23,2059.48,117979,880.26,2.27996e+06,440.13,451.706,0
1957-08-30,1872.31,118104,795.854,2.28002e+06,397.927,395.089,0
1957-09-06,1698.8,118306,719.248,2.27999e+06,359.624,340.26,0
1957-09-13,1539.6,118577,650.315,2.27988e+06,325.158,323.143,0
1957-09-20,1394.87,118909,588.76,2.2797e+06,294.38,298.81,0
1957-09-27,1264.39,119296,534.17,2.27944e+06,267.085,287.121,0
1957-10-04,1147.62,119731,486.063,2.27912e+06,243.032,254.619,0
1957-10-11,1043.85,120208,443.923,2.27875e+06,221.961,225.333,0
1957-10-18,952.225,120721,407.224,2.27833e+06,203.612,198.962,0
1957-10-25,871.827,121266,375.458,2.27786e+06,187.729,177.646,0
1957-11-01,801.724,121838,348.143,2.27736e+06,174.071,171.314,0
1957-11-08,741.003,122433,324.834,2.27683e+06,162.417,151.186,0
1957-11-15,688.796,123048,305.133,2.27626e+06,152.567,143.885,0
1957-11-22,644.3,123678,288.685,2.27568e+06,144.343,148.797,0
1957-11-29,606.789,124323,275.184,2.27507e+06,137.592,135.414,0
1957-12-06,575.618,124977,264.368,2.27445e+06,132.184,138.006,0
1957-12-13,550.226,125640,256.019,2.27381e+06,128.009,125.571,0
1957-12-20,530.135,126309,249.959,2.27316e+06,124.98,103.975,0
1957-12-27,514.945,126982,246.05,2.2725e+06,123.025,139.696,0
1958-01-03,504.335,127656,244.188,2.27184e+06,122.094,110.334,0
1958-01-10,498.053,128330,244.299,2.27117e+06,122.149,116.966,0
1958-01-17,495.912,129001,246.339,2.2705e+06,123.17,133.719,0
1958-01-24,497.784,129668,250.289,2.26983e+06,125.145,145.724,0
1958-01-31,503.593,130330,256.15,2.26917e+06,128.075,126.319,0
1958-02-07,513.307,130983,263.939,2.2685e+06,131.969,136.021,0
1958-02-14,526.93,131626,273.686,2.26785e+06,136.843,121.134,0
1958-02-21,544.492,132258,285.424,2.2672e+06,142.712,132.845,0
1958-02-28,566.037,132875,299.187,2.26656e+06,149.594,153.364,0
1958-03-07,591.607,133477,314.998,2.26593e+06,157.499,167.265,0
1958-03-14,621.233,134060,332.86,2.26532e+06,166.43,164.987,0
1958-03-21,654.909,134623,352.748,2.26472e+06,176.374,145.888,0
1958-03-28,692.58,135165,374.594,2.26414e+06,187.297,189.513,0
1958-04-04,734.115,135682,398.279,2.26358e+06,199.14,209.904,0
1958-04-11,779.289,136174,423.622,2.26305e+06,211.811,235.365,0
1958-04-18,827.766,136639,450.368,2.26253e+06,225.184,205.087,0
1958-04-25,879.077,137076,478.188,2.26204e+06,239.094,235.817,0
1958-05-02,932.616,137485,506.673,2.26158e+06,253.336,265.633,0
1958-05-09,987.631,137864,535.34,2.26115e+06,267.67,268.523,0
1958-05-16,1043.24,138215,563.643,2.26074e+06,281.822,284.06,0
1958-05-23,1098.43,138539,590.996,2.26036e+06,295.498,299.665,0
1958-05-30,1152.14,138837,616.79,2.26001e+06,308.395,322.021,0
1958-06-06,1203.22,139111,640.427,2.25969e+06,320.214,335.696,0
1958-06-13,1250.56,139364,661.357,2.25939e+06,330.678,326.629,0
1958-06-20,1293.12,139600,679.102,2.25911e+06,339.551,328.205,0
1958-06-27,1329.96,139821,693.293,2.25885e+06,346.647,350.827,0
1958-07-04,1360.36,140031,703.693,2.25861e+06,351.846,354.613,0
1958-07-11,1383.79,140235,710.207,2.25838e+06,355.103,338.19,0
1958-07-18,1399.99,140437,712.891,2.25816e+06,356.446,367.758,0
1958-07-25,1408.95,140639,711.947,2.25795e+06,355.973,350.655,0
1958-08-01,1410.95,140845,707.704,2.25774e+06,353.852,335.988,0
1958-08-08,1406.48,141058,700.599,2.25754e+06,350.299,342.564,0
1958-08-15,1396.27,141281,691.148,2.25732e+06,345.574,330.485,0
1958-08-22,1381.2,141515,679.922,2.2571e+06,339.961,358.999,0
1958-08-29,1362.27,141761,667.511,2.25688e+06,333.755,341.437,0
1958-09-05,1340.55,142020,654.508,2.25664e+06,327.254,316.31,0
1958-09-12,1317.14,142292,641.486,2.25639e+06,320.743,329.683,0
1958-09-19,1293.14,142577,628.986,2.25613e+06,314.493,303.714,0
1958-09-26,1269.59,142873,617.506,2.25586e+06,308.753,317.813,0
1958-10-03,1247.5,143179,607.503,2.25557e+06,303.751,296.815,0
1958-10-10,1227.79,143492,599.393,2.25528e+06,299.697,271.215,0
1958-10-17,1211.33,143812,593.56,2.25498e+06,296.78,295.507,0
1958-10-24,1198.93,144135,590.362,2.25467e+06,295.181,288.694,0
1958-10-31,1191.34,144457,590.145,2.25435e+06,295.073,278.55,0
1958-11-07,1189.3,144777,593.255,2.25403e+06,296.627,290.305,0
1958-11-14,1193.54,145089,600.05,2.25372e+06,300.025,300.389,0
1958-11-21,1204.79,145391,610.915,2.2534e+06,305.457,298.991,0
1958-11-28,1223.86,145677,626.275,2.2531e+06,313.137,350.079,0
1958-12-05,1251.59,145943,646.606,2.25281e+06,323.303,321.25,0
1958-12-12,1288.92,146183,672.448,2.25253e+06,336.224,342.952,0
1958-12-19,1336.92,146391,704.41,2.25227e+06,352.205,370.35,0
1958-12-26,1396.76,146560,743.177,2.25204e+06,371.589,393.053,0
1959-01-02,1469.76,146682,789.512,2.25185e+06,394.756,392.063,0
1959-01-09,1557.38,146750,844.242,2.25169e+06,422.121,404.354,0
1959-01-16,1661.18,146754,908.246,2.25158e+06,454.123,443.427,0
1959-01-23,1782.82,146684,982.416,2.25153e+06,491.208,507.124,0
1959-01-30,1923.98,146528,1067.61,2.25155e+06,533.803,510.171,0
1959-02-06,2086.25,146276,1164.56,2.25164e+06,582.279,597.515,0
1959-02-13,2271,145914,1273.79,2.25181e+06,636.895,624.559,0
1959-02-20,2479.16,145431,1395.47,2.25209e+06,697.734,689.371,0
1959-02-27,2711.01,144815,1529.24,2.25247e+06,764.62,776.907,0
1959-03-06,2965.87,144054,1674.06,2.25298e+06,837.029,814.191,0
1959-03-13,3241.79,143139,1828,2.25362e+06,914.002,956.76,0
1959-03-20,3535.22,142064,1988.13,2.2544e+06,994.067,1003.86,0
1959-03-27,3840.8,140827,2150.4,2.25533e+06,1075.2,1088.78,0
1959-04-03,4151.24,139432,2309.7,2.25642e+06,1154.85,1155.24,0
1959-04-10,4457.33,137886,2460.01,2.25766e+06,1230.01,1200.56,0
1959-04-17,4748.37,136207,2594.81,2.25904e+06,1297.4,1271.41,0
1959-04-24,5012.69,134415,2707.5,2.26057e+06,1353.75,1346.45,0
1959-05-01,5238.49,132539,2792.08,2.26222e+06,1396.04,1372.26,0
1959-05-08,5414.92,130613,2843.74,2.26397e+06,1421.87,1459.05,0
1959-05-15,5532.99,128671,2859.39,2.2658e+06,1429.69,1441.88,0
1959-05-22,5586.55,126751,2838,2.26766e+06,1419,1416.71,0
1959-05-29,5572.8,124889,2780.69,2.26954e+06,1390.34,1429.22,0
1959-06-05,5492.55,123118,2690.57,2.27139e+06,1345.28,1305.36,0
1959-06-12,5350.02,121465,2572.31,2.27318e+06,1286.15,1334.28,0
1959-06-19,5152.28,119954,2431.64,2.27489e+06,1215.82,1186.95,0
1959-06-26,4908.51,118600,2274.75,2.27649e+06,1137.38,1163.91,0
1959-07-03,4629.13,117414,2107.81,2.27796e+06,1053.9,1029.62,0
1959-07-10,4324.88,116399,1936.5,2.27928e+06,968.248,1012.05,0
1959-07-17,4006.15,115555,1765.76,2.28044e+06,882.879,913.546,0
1959-07-24,3682.39,114878,1599.63,2.28144e+06,799.815,777.057,0
1959-07-31,3361.72,114359,1441.2,2.28228e+06,720.601,731.408,0
1959-08-07,3050.76,113989,1292.66,2.28296e+06,646.332,607.688,0
1959-08-14,2754.6,113756,1155.4,2.28349e+06,577.701,602.334,0
1959-08-21,2476.85,113648,1030.12,2.28387e+06,515.062,514.2,0
1959-08-28,2219.82,113654,916.994,2.28413e+06,458.497,448.677,0
1959-09-04,1984.71,113761,815.765,2.28425e+06,407.882,416.959,0
1959-09-11,1771.8,113958,725.897,2.28427e+06,362.948,361.78,0
1959-09-18,1580.69,114234,646.655,2.28419e+06,323.327,319.437,0
1959-09-25,1410.46,114579,577.193,2.28401e+06,288.597,282.88,0
1959-10-02,1259.86,114985,516.615,2.28376e+06,258.308,254.427,0
1959-10-09,1127.41,115443,464.025,2.28343e+06,232.012,233.695,0
1959-10-16,1011.54,115946,418.555,2.28304e+06,209.278,208.246,0
1959-10-23,910.67,116489,379.395,2.2826e+06,189.697,187.479,0
1959-10-30,823.243,117064,345.799,2.28211e+06,172.9,170.548,0
1959-11-06,747.799,117669,317.097,2.28158e+06,158.549,150.592,0
1959-11-13,682.985,118297,292.694,2.28102e+06,146.347,153.015,0
1959-11-20,627.57,118946,272.066,2.28043e+06,136.033,131.006,0
1959-11-27,580.458,119613,254.762,2.27981e+06,127.381,134.168,0
1959-12-04,540.678,120293,240.396,2.27917e+06,120.198,132.811,0
1959-12-11,507.386,120985,228.637,2.27851e+06,114.319,114.635,0
1959-12-18,479.856,121686,219.212,2.27783e+06,109.606,123.21,0
1959-12-25,457.469,122394,211.891,2.27715e+06,105.946,125.841,0
1960-01-01,439.704,123107,206.488,2.27645e+06,103.244,105.787,0
1960-01-08,426.127,123824,202.852,2.27575e+06,101.426,97.4363,0
1960-01-15,416.381,124542,200.863,2.27504e+06,100.432,103.883,0
1960-01-22,410.18,125261,200.429,2.27433e+06,100.214,93.0651,0
1960-01-29,407.294,125978,201.479,2.27361e+06,100.739,100.244,0
1960-02-05,407.542,126693,203.96,2.2729e+06,101.98,92.0573,0
1960-02-12,410.784,127403,207.832,2.27219e+06,103.916,91.0623,0
1960-02-19,416.911,128109,213.065,2.27147e+06,106.533,103.664,0
1960-02-26,425.837,128807,219.633,2.27077e+06,109.816,102.637,0
1960-03-04,437.486,129497,227.506,2.27007e+06,113.753,113.464,0
1960-03-11,451.786,130178,236.651,2.26937e+06,118.326,111.62,0
1960-03-18,468.655,130848,247.021,2.26868e+06,123.51,117.275,0
1960-03-25,487.991,131507,258.55,2.26801e+06,129.275,135.39,0
1960-04-01,509.662,132152,271.15,2.26734e+06,135.575,130.713,0
1960-04-08,533.495,132784,284.703,2.26668e+06,142.351,146.194,0
1960-04-15,559.263,133402,299.057,2.26604e+06,149.528,135.983,0
1960-04-22,586.682,134004,314.026,2.26541e+06,157.013,156.694,0
1960-04-29,615.404,134591,329.389,2.26479e+06,164.695,157.279,0
1960-05-06,645.014,135162,344.889,2.26419e+06,172.444,177.878,0
1960-05-13,675.039,135717,360.242,2.26361e+06,180.121,169.23,0
1960-05-20,704.949,136258,375.144,2.26304e+06,187.572,192.211,0
1960-05-27,734.181,136784,389.285,2.26248e+06,194.643,212.404,0
1960-06-03,762.152,137296,402.358,2.26194e+06,201.179,220.767,0
1960-06-10,788.286,137797,414.079,2.26141e+06,207.04,211.855,0
1960-06-17,812.041,138288,424.202,2.2609e+06,212.101,206.91,0
1960-06-24,832.936,138770,432.53,2.2604e+06,216.265,207.187,0
1960-07-01,850.579,139246,438.933,2.2599e+06,219.467,213.086,0
1960-07-08,864.688,139717,443.351,2.25942e+06,221.676,214.979,0
1960-07-15,875.107,140185,445.801,2.25894e+06,222.901,212.153,0
1960-07-22,881.817,140653,446.375,2.25847e+06,223.188,228.972,0
1960-07-29,884.936,141122,445.235,2.25799e+06,222.617,231.13,0
1960-08-05,884.712,141593,442.603,2.25752e+06,221.301,220.859,0
1960-08-12,881.509,142068,438.75,2.25705e+06,219.375,217.523,0
1960-08-19,875.792,142548,433.983,2.25658e+06,216.992,223.803,0
1960-08-26,868.101,143032,428.631,2.2561e+06,214.316,219.501,0
1960-09-02,859.031,143522,423.034,2.25562e+06,211.517,215.146,0
1960-09-09,849.209,144018,417.529,2.25513e+06,208.764,206.294,0
1960-09-16,839.277,144518,412.45,2.25464e+06,206.225,183.19,0
1960-09-23,829.875,145023,408.118,2.25415e+06,204.059,197.877,0
1960-09-30,821.636,145531,404.842,2.25365e+06,202.421,189.87,0
1960-10-07,815.177,146040,402.919,2.25314e+06,201.46,195.445,0
1960-10-14,811.102,146550,402.643,2.25264e+06,201.322,202.033,0
1960-10-21,810.008,147058,404.306,2.25213e+06,202.153,180.101,0
1960-10-28,812.495,147561,408.21,2.25163e+06,204.105,176.724,0
1960-11-04,819.181,148058,414.677,2.25112e+06,207.338,213.618,0
1960-11-11,830.717,148546,424.058,2.25062e+06,212.029,203.49,0
1960-11-18,847.814,149021,436.75,2.25013e+06,218.375,217.52,0
1960-11-25,871.261,149479,453.207,2.24965e+06,226.604,246.53,0
1960-12-02,901.952,149916,473.956,2.24918e+06,236.978,242.232,0
1960-12-09,940.919,150327,499.611,2.24873e+06,249.805,251.328,0
1960-12-16,989.356,150707,530.893,2.2483e+06,265.446,276.668,0
1960-12-23,1048.65,151049,568.641,2.2479e+06,284.321,280.659,0
1960-12-30,1120.43,151346,613.831,2.24753e+06,306.916,309.459,0
1961-01-06,1206.53,151589,667.579,2.2472e+06,333.789,319.865,0
1961-01-13,1309.1,151769,731.146,2.24692e+06,365.573,357.358,0
1961-01-20,1430.53,151873,805.928,2.2467e+06,402.964,397.044,0
1961-01-27,1573.43,151890,893.424,2.24654e+06,446.712,459.948,0
1961-02-03,1740.64,151805,995.177,2.24645e+06,497.589,484.186,0
1961-02-10,1935.01,151603,1112.68,2.24646e+06,556.34,581.159,0
1961-02-17,2159.31,151267,1247.23,2.24657e+06,623.616,630.108,0
1961-02-24,2415.9,150778,1399.73,2.24681e+06,699.867,721.934,0
1961-03-03,2706.37,150118,1570.43,2.24718e+06,785.215,736.86,0
1961-03-10,3031.1,149271,1758.59,2.2477e+06,879.297,873.954,0
1961-03-17,3388.64,148220,1962.2,2.24839e+06,981.098,1016.68,0
1961-03-24,3775.21,146954,2177.58,2.24927e+06,1088.79,1073.86,0
1961-03-31,4184.11,145467,2399.25,2.25035e+06,1199.63,1216.84,0
1961-04-07,4605.42,143760,2619.83,2.25163e+06,1309.92,1329.64,0
1961-04-14,5026,141843,2830.31,2.25313e+06,1415.16,1426.73,0
1961-04-21,5429.9,139737,3020.6,2.25483e+06,1510.3,1518.83,0
1961-04-28,5799.37,137471,3180.41,2.25673e+06,1590.2,1584.3,0
1961-05-05,6116.33,135086,3300.35,2.2588e+06,1650.17,1638.52,0
1961-05-12,6364.09,132629,3373.06,2.26101e+06,1686.53,1700.75,0
1961-05-19,6529.18,130152,3394.14,2.26332e+06,1697.07,1690.13,0
1961-05-26,6602.84,127707,3362.69,2.26569e+06,1681.34,1695.76,0
1961-06-02,6581.92,125344,3281.3,2.26807e+06,1640.65,1658.82,0
1961-06-09,6469.04,123108,3155.66,2.27042e+06,1577.83,1608.67,0
1961-06-16,6272.08,121034,2993.64,2.27269e+06,1496.82,1477.52,0
1961-06-23,6002.98,119151,2804.35,2.27485e+06,1402.18,1410.62,0
1961-06-30,5676.37,117475,2597.16,2.27685e+06,1298.58,1243.19,0
1961-07-07,5307.99,116015,2380.87,2.27868e+06,1190.44,1233.46,0
1961-07-14,4913.39,114774,2163.17,2.28031e+06,1081.58,1108.41,0
1961-07-21,4506.9,113747,1950.3,2.28175e+06,975.152,962.723,0
1961-07-28,4100.87,112922,1747.04,2.28298e+06,873.521,859.442,0
1961-08-04,3705.37,112289,1556.7,2.28401e+06,778.348,775.646,0
1961-08-11,3328.09,111830,1381.32,2.28484e+06,690.661,703.363,0
1961-08-18,2974.45,111532,1221.93,2.28549e+06,610.966,572.315,0
1961-08-25,2647.87,111376,1078.73,2.28598e+06,539.363,559.446,0
1961-09-01,2350.1,111349,951.298,2.2863e+06,475.649,480.07,0
1961-09-08,2081.53,111433,838.832,2.28649e+06,419.416,443.423,0
1961-09-15,1841.55,111616,740.254,2.28654e+06,370.127,375.391,0
1961-09-22,1628.85,111885,654.347,2.28649e+06,327.174,338.343,0
1961-09-29,1441.61,112229,579.848,2.28633e+06,289.924,295.531,0
1961-10-06,1277.77,112636,515.508,2.28609e+06,257.754,274.667,0
1961-10-13,1135.13,113099,460.137,2.28577e+06,230.069,224.158,0
1961-10-20,1011.51,113609,412.635,2.28538e+06,206.317,204.099,0
1961-10-27,904.79,114160,371.998,2.28494e+06,185.999,178.772,0
1961-11-03,812.987,114745,337.333,2.28444e+06,168.666,185.209,0
1961-11-10,734.284,115359,307.852,2.28391e+06,153.926,165.401,0
1961-11-17,667.042,115998,282.867,2.28333e+06,141.434,145.69,0
1961-11-24,609.802,116658,261.787,2.28273e+06,130.893,142.679,0
1961-12-01,561.286,117336,244.103,2.2821e+06,122.052,111.614,0
1961-12-08,520.379,118028,229.386,2.28145e+06,114.693,131.746,0
1961-12-15,486.124,118732,217.272,2.28078e+06,108.636,89.9316,0
1961-12-22,457.702,119445,207.457,2.2801e+06,103.729,102.898,0
1961-12-29,434.42,120166,199.689,2.2794e+06,99.8447,95.7003,0
1962-01-05,415.694,120893,193.759,2.27869e+06,96.8795,95.6158,0
1962-01-12,401.036,121624,189.495,2.27798e+06,94.7476,100.353,0
1962-01-19,390.043,122357,186.758,2.27725e+06,93.3791,97.0169,0
1962-01-26,382.381,123091,185.434,2.27653e+06,92.7171,81.8172,0
1962-02-02,377.774,123825,185.431,2.2758e+06,92.7155,99.0447,0
1962-02-09,375.997,124558,186.673,2.27507e+06,93.3363,92.0635,0
1962-02-16,376.863,125288,189.095,2.27434e+06,94.5473,80.8127,0
1962-02-23,380.214,126014,192.641,2.27361e+06,96.3203,89.1391,0
1962-03-02,385.912,126735,197.257,2.27288e+06,98.6283,92.7726,0
1962-03-09,393.829,127451,202.887,2.27216e+06,101.444,109.944,0
1962-03-16,403.84,128160,209.471,2.27144e+06,104.736,107.229,0
1962-03-23,415.812,128861,216.937,2.27072e+06,108.468,109.629,0
1962-03-30,429.595,129553,225.198,2.27002e+06,112.599,116.022,0
1962-04-06,445.018,130236,234.151,2.26932e+06,117.076,126.364,0
1962-04-13,461.877,130910,243.673,2.26863e+06,121.836,122.946,0
1962-04-20,479.934,131573,253.616,2.26795e+06,126.808,128.563,0
1962-04-27,498.911,132227,263.812,2.26727e+06,131.906,126.092,0
1962-05-04,518.491,132869,274.075,2.26661e+06,137.037,144.463,0
1962-05-11,538.32,133501,284.199,2.26596e+06,142.099,148.632,0
1962-05-18,558.016,134124,293.969,2.26532e+06,146.984,141.086,0
1962-05-25,577.174,134736,303.168,2.26469e+06,151.584,155.554,0
1962-06-01,595.386,135341,311.587,2.26406e+06,155.793,158.495,0
1962-06-08,612.25,135937,319.031,2.26345e+06,159.515,174.668,0
1962-06-15,627.396,136527,325.334,2.26285e+06,162.667,165.676,0
1962-06-22,640.497,137112,330.368,2.26225e+06,165.184,169.754,0
1962-06-29,651.291,137693,334.048,2.26166e+06,167.024,161.559,0
1962-07-06,659.594,138272,336.34,2.26107e+06,168.17,174.039,0
1962-07-13,665.311,138849,337.263,2.26049e+06,168.632,177.951,0
1962-07-20,668.441,139427,336.888,2.2599e+06,168.444,174.54,0
1962-07-27,669.078,140006,335.332,2.25932e+06,167.666,152.532,0
1962-08-03,667.409,140587,332.758,2.25875e+06,166.379,173.464,0
1962-08-10,663.7,141172,329.36,2.25816e+06,164.68,164.354,0
1962-08-17,658.287,141760,325.358,2.25758e+06,162.679,174.578,0
1962-08-24,651.559,142353,320.989,2.257e+06,160.494,162.121,0
1962-08-31,643.945,142950,316.496,2.25641e+06,158.248,163.157,0
1962-09-07,635.897,143551,312.126,2.25581e+06,156.063,148.727,0
1962-09-14,627.88,144156,308.118,2.25522e+06,154.059,147.792,0
1962-09-21,620.359,144764,304.708,2.25462e+06,152.354,149.499,0
1962-09-28,613.795,145375,302.122,2.25401e+06,151.061,149.311,0
1962-10-05,608.641,145986,300.582,2.2534e+06,150.291,153.868,0
1962-10-12,605.344,146598,300.307,2.2528e+06,150.153,152.461,0
1962-10-19,604.351,147209,301.518,2.25219e+06,150.759,148.127,0
1962-10-26,606.114,147816,304.448,2.25158e+06,152.224,149.89,0
1962-11-02,611.107,148419,309.348,2.25097e+06,154.674,161.005,0
1962-11-09,619.835,149014,316.493,2.25037e+06,158.247,146.172,0
1962-11-16,632.856,149599,326.203,2.24977e+06,163.101,161.768,0
1962-11-23,650.8,150171,338.843,2.24918e+06,169.422,166.877,0
1962-11-30,674.392,150727,354.849,2.2486e+06,177.425,185.92,0
1962-12-07,704.479,151263,374.735,2.24803e+06,187.367,198.372,0
1962-12-14,742.06,151774,399.112,2.24748e+06,199.556,195.387,0
1962-12-21,788.32,152256,428.711,2.24696e+06,214.355,214.509,0
1962-12-28,844.662,152702,464.395,2.24645e+06,232.198,224.373,0
1963-01-04,912.744,153105,507.187,2.24598e+06,253.593,261.726,0
1963-01-11,994.516,153457,558.276,2.24555e+06,279.138,293.376,0
1963-01-18,1092.25,153747,619.036,2.24516e+06,309.518,287.82,0
1963-01-25,1208.54,153966,691.024,2.24483e+06,345.512,331.858,0
1963-02-01,1346.33,154100,775.959,2.24455e+06,387.98,412.175,0
1963-02-08,1508.86,154134,875.684,2.24436e+06,437.842,431.554,0
1963-02-15,1699.57,154052,992.076,2.24425e+06,496.038,493.975,0
1963-02-22,1921.92,153835,1126.91,2.24424e+06,563.456,604.167,0
1963-03-01,2179.17,153463,1281.67,2.24436e+06,640.833,638.392,0
1963-03-08,2473.98,152916,1457.23,2.24461e+06,728.615,730.658,0
1963-03-15,2807.87,152172,1653.56,2.24502e+06,826.78,830.595,0
1963-03-22,3180.65,151214,1869.27,2.24561e+06,934.637,941.626,0
1963-03-29,3589.63,150023,2101.22,2.24639e+06,1050.61,1068.68,0
1963-04-05,4029.02,148590,2344.16,2.24738e+06,1172.08,1138.02,0
1963-04-12,4489.28,146912,2590.58,2.2486e+06,1295.29,1285.53,0
1963-04-19,4956.98,144993,2830.8,2.25005e+06,1415.4,1412.63,0
1963-04-26,5415.07,142853,3053.56,2.25173e+06,1526.78,1563.03,0
1963-05-03,5843.78,140519,3246.88,2.25364e+06,1623.44,1630.08,0
1963-05-10,6222.21,138034,3399.38,2.25574e+06,1699.69,1691.22,0
1963-05-17,6530.36,135448,3501.64,2.25802e+06,1750.82,1763.05,0
1963-05-24,6751.33,132817,3547.44,2.26043e+06,1773.72,1759.59,0
1963-05-31,6873.26,130199,3534.56,2.26293e+06,1767.28,1776.17,0
1963-06-07,6890.66,127652,3464.96,2.26546e+06,1732.48,1682.72,0
1963-06-14,6804.79,125226,3344.37,2.26797e+06,1672.18,1697.34,0
1963-06-21,6623.21,122964,3181.33,2.27041e+06,1590.67,1599.46,0
1963-06-28,6358.58,120898,2986.03,2.27274e+06,1493.02,1463.22,0
1963-07-05,6026.89,119050,2769.09,2.27492e+06,1384.55,1349.86,0
1963-07-12,5645.76,117430,2540.59,2.27692e+06,1270.3,1324.66,0
1963-07-19,5232.78,116043,2309.37,2.27872e+06,1154.68,1116.76,0
1963-07-26,4804.21,114882,2082.61,2.28031e+06,1041.31,1028.19,0
1963-08-02,4374.14,113939,1865.79,2.28169e+06,932.893,923.676,0
1963-08-09,3954.06,113199,1662.68,2.28285e+06,831.34,821.639,0
1963-08-16,3552.72,112646,1475.63,2.2838e+06,737.815,736.201,0
1963-08-23,3176.31,112263,1305.79,2.28456e+06,652.893,689.508,0
1963-08-30,2828.71,112033,1153.36,2.28514e+06,576.682,579.928,0
1963-09-06,2511.92,111939,1017.92,2.28555e+06,508.959,511.654,0
1963-09-13,2226.42,111963,898.537,2.28581e+06,449.269,449.269,0
1963-09-20,1971.54,112092,794.037,2.28594e+06,397.019,383.411,0
1963-09-27,1745.86,112312,703.084,2.28594e+06,351.542,362.785,0
1963-10-04,1547.41,112611,624.298,2.28584e+06,312.149,316.416,0
1963-10-11,1373.93,112978,556.327,2.28565e+06,278.163,285.361,0
1963-10-18,1223.05,113403,497.887,2.28537e+06,248.944,251.009,0
1963-10-25,1092.41,113878,447.796,2.28503e+06,223.898,240.077,0
1963-11-01,979.728,114395,404.984,2.28463e+06,202.492,206.632,0
1963-11-08,882.892,114949,368.499,2.28417e+06,184.249,181.186,0
1963-11-15,799.957,115534,337.505,2.28367e+06,168.752,179.564,0
1963-11-22,729.178,116144,311.276,2.28313e+06,155.638,160.905,0
1963-11-29,669.01,116777,289.189,2.28255e+06,144.594,140.004,0
1963-12-06,618.097,117428,270.709,2.28195e+06,135.355,131.834,0
1963-12-13,575.265,118094,255.385,2.28133e+06,127.693,115.869,0
1963-12-20,539.507,118772,242.837,2.28069e+06,121.418,126.399,0
1963-12-27,509.961,119460,232.745,2.28003e+06,116.373,114.072,0
1964-01-03,485.898,120156,224.846,2.27936e+06,112.423,104.98,0
1964-01-10,466.706,120858,218.92,2.27868e+06,109.46,103.133,0
1964-01-17,451.872,121563,214.785,2.27798e+06,107.393,105.942,0
1964-01-24,440.969,122271,212.294,2.27729e+06,106.147,98.2677,0
1964-01-31,433.642,122979,211.322,2.27659e+06,105.661,108.125,0
1964-02-07,429.594,123687,211.768,2.27588e+06,105.884,104.996,0
1964-02-14,428.579,124393,213.543,2.27518e+06,106.772,99.9546,0
1964-02-21,430.385,125096,216.57,2.27447e+06,108.285,100.84,0
1964-02-28,434.825,125794,220.775,2.27377e+06,110.388,123.737,0
1964-03-06,441.731,126486,226.085,2.27307e+06,113.043,120.698,0
1964-03-13,450.936,127172,232.422,2.27238e+06,116.211,112.604,0
1964-03-20,462.27,127851,239.697,2.27169e+06,119.848,133.595,0
1964-03-27,475.55,128521,247.807,2.271e+06,123.904,119.204,0
1964-04-03,490.568,129182,256.634,2.27033e+06,128.317,139.702,0
1964-04-10,507.088,129834,266.036,2.26966e+06,133.018,129.362,0
1964-04-17,524.839,130475,275.852,2.269e+06,137.926,120.667,0
1964-04-24,543.51,131107,285.898,2.26835e+06,142.949,143.349,0
1964-05-01,562.753,131728,295.97,2.26771e+06,147.985,143.247,0
1964-05-08,582.184,132339,305.848,2.26708e+06,152.924,153.378,0
1964-05-15,601.389,132940,315.306,2.26646e+06,157.653,154.613,0
1964-05-22,619.938,133532,324.112,2.26585e+06,162.056,168.36,0
1964-05-29,637.397,134116,332.048,2.26525e+06,166.024,162.801,0
1964-06-05,653.346,134694,338.912,2.26465e+06,169.456,187.491,0
1964-06-12,667.396,135265,344.533,2.26407e+06,172.267,172.384,0
1964-06-19,679.211,135832,348.781,2.26349e+06,174.39,175.21,0
1964-06-26,688.522,136396,351.571,2.26292e+06,175.786,182.273,0
1964-07-03,695.144,136958,352.875,2.26235e+06,176.438,166.299,0
1964-07-10,698.989,137521,352.717,2.26178e+06,176.359,166.363,0
1964-07-17,700.065,138084,351.177,2.26122e+06,175.589,180.921,0
1964-07-24,698.482,138651,348.385,2.26065e+06,174.192,159.212,0
1964-07-31,694.443,139221,344.512,2.26008e+06,172.256,181.335,0
1964-08-07,688.234,139795,339.765,2.25952e+06,169.882,174.979,0
1964-08-14,680.212,140375,334.376,2.25894e+06,167.188,155.622,0
1964-08-21,670.787,140961,328.59,2.25837e+06,164.295,166.894,0
1964-08-28,660.404,141552,322.658,2.25779e+06,161.329,152.948,0
1964-09-04,649.53,142149,316.83,2.2572e+06,158.415,157.39,0
1964-09-11,638.64,142751,311.349,2.25661e+06,155.675,148.533,0
1964-09-18,628.203,143358,306.447,2.25601e+06,153.224,164.038,0
1964-09-25,618.676,143968,302.345,2.25541e+06,151.172,152.918,0
1964-10-02,610.504,144582,299.253,2.25481e+06,149.627,151.292,0
1964-10-09,604.114,145197,297.376,2.2542e+06,148.688,166.927,0
1964-10-16,599.927,145813,296.916,2.25359e+06,148.458,151.836,0
1964-10-23,598.36,146427,298.078,2.25297e+06,149.039,152.495,0
1964-10-30,599.837,147038,301.081,2.25236e+06,150.541,134.33,0
1964-11-06,604.804,147644,306.165,2.25175e+06,153.083,150.657,0
1964-11-13,613.748,148242,313.6,2.25114e+06,156.8,167.426,0
1964-11-20,627.208,148830,323.697,2.25054e+06,161.848,162.284,0
1964-11-27,645.803,149404,336.823,2.24995e+06,168.411,170.96,0
1964-12-04,670.252,149962,353.412,2.24937e+06,176.706,166.613,0
1964-12-11,701.4,150499,373.982,2.2488e+06,186.991,191.722,0
1964-12-18,740.251,151011,399.149,2.24825e+06,199.575,207.997,0
1964-12-25,787.991,151492,429.647,2.24772e+06,214.824,211.29,0
1965-01-01,846.03,151936,466.344,2.24722e+06,233.172,233.065,0
